oldUri,newUri
http://hdl.handle.net/11459/CCR_C-1227_0eec90a9-a0f2-1240-a9b6-9bfd76654a2e,http://www.wikidata.org/entity/Q1317831
http://hdl.handle.net/11459/CCR_C-1230_23653c21-fca1-edf8-fd7c-3df2d6499157,http://www.wikidata.org/entity/Q34698
http://hdl.handle.net/11459/CCR_C-1231_254a8099-18bf-fd87-781e-9dd5e5129c37,http://www.wikidata.org/entity/Q134316
http://hdl.handle.net/11459/CCR_C-1232_2b532c10-f973-e6aa-bba5-2e752fcec1d2,http://www.wikidata.org/entity/Q380057
http://hdl.handle.net/11459/CCR_C-1244_57d67a6f-1a2d-c1ad-4729-9c1ab46706e1,http://www.wikidata.org/entity/Q465800
http://hdl.handle.net/11459/CCR_C-1246_33ad049c-f5b3-c692-d81d-4c78c1135f97,http://www.wikidata.org/entity/Q207509
http://hdl.handle.net/11459/CCR_C-1256_7ec6083c-23d4-224d-6f94-eecbe6861545,http://www.wikidata.org/entity/Q2428747
http://hdl.handle.net/11459/CCR_C-1260_db2a41b3-6261-de95-16c5-fbbfbfa72930,http://www.wikidata.org/entity/Q36484
http://hdl.handle.net/11459/CCR_C-1262_64a7cd7c-4e1e-ac0a-0ee0-ac1541f27aea,http://www.wikidata.org/entity/Q28833099
http://hdl.handle.net/11459/CCR_C-1269_cfde4f66-08bb-dfeb-1a5f-64974dc27822,http://www.wikidata.org/entity/Q10265745
http://hdl.handle.net/11459/CCR_C-1270_bfb2e942-c2a8-1035-cde9-b8ada8c9aa70,http://www.wikidata.org/entity/Q34793275
http://hdl.handle.net/11459/CCR_C-1272_64aed825-9c74-aafb-f47d-bf883170be66,http://www.wikidata.org/entity/Q576271
http://hdl.handle.net/11459/CCR_C-1274_2d458147-53dc-9010-d77b-3a3d6a0aeb49,http://www.wikidata.org/entity/Q2990574
http://hdl.handle.net/11459/CCR_C-1286_6bf93a88-ee71-1487-5de5-d7ca9c1f4397,http://www.wikidata.org/entity/Q177691
http://hdl.handle.net/11459/CCR_C-1288_61cc5804-ed04-b31a-d550-7fe84a188345,http://www.wikidata.org/entity/Q21714344
http://hdl.handle.net/11459/CCR_C-1291_c2896356-8d7e-e425-d2ac-5741e93db4e2,http://www.wikidata.org/entity/Q501405
http://hdl.handle.net/11459/CCR_C-1293_5ce1a413-afaf-1ae5-f818-a416f219fc41,http://www.wikidata.org/entity/Q146233
http://hdl.handle.net/11459/CCR_C-1297_2edcca9f-049d-98c4-e9aa-9c1195fecc77,http://www.wikidata.org/entity/Q162378
http://hdl.handle.net/11459/CCR_C-1298_32b14281-8df1-69bb-3e85-eb1cc4058cb4,http://www.wikidata.org/entity/Q104083
http://hdl.handle.net/11459/CCR_C-1305_7066f625-844d-7091-167c-1770bb560b7e,http://www.wikidata.org/entity/Q371427
http://hdl.handle.net/11459/CCR_C-1307_0db75c10-25a7-12d9-4aa7-aafee52fd7b8,http://www.wikidata.org/entity/Q28503230
http://hdl.handle.net/11459/CCR_C-1309_073ee50d-41c5-30de-2dbe-b87517a006a1,http://www.wikidata.org/entity/Q956030
http://hdl.handle.net/11459/CCR_C-1310_ab441fcb-3588-e2c8-14ed-45e22106df1f,http://www.wikidata.org/entity/Q1094061
http://hdl.handle.net/11459/CCR_C-1312_419ab38d-0f51-859a-08d8-7469c0002680,http://www.wikidata.org/entity/Q179230
http://hdl.handle.net/11459/CCR_C-1318_1c99baf2-cc47-d583-9b70-7ff8496d3f61,http://www.wikidata.org/entity/Q83034
http://hdl.handle.net/11459/CCR_C-1321_35cb0c2b-aa78-024b-9e6b-ae2a94cb191c,http://www.wikidata.org/entity/Q54310231
http://hdl.handle.net/11459/CCR_C-1322_2502c383-62c6-8957-e0a3-add93ff13f2b,http://www.wikidata.org/entity/Q116946937
http://hdl.handle.net/11459/CCR_C-1324_9a9319f6-fe01-49a4-8ffa-8f105530e2eb,http://www.wikidata.org/entity/Q18514
http://hdl.handle.net/11459/CCR_C-1325_8e9b6e6e-492c-c331-0e64-9c2f49af3f9d,http://www.wikidata.org/entity/Q111352
http://hdl.handle.net/11459/CCR_C-1328_8ac68842-1416-d6c3-0ae2-d3465b01a130,http://www.wikidata.org/entity/Q690940
http://hdl.handle.net/11459/CCR_C-1329_fb34a024-dc10-fe2f-1dfa-8436a85df17b,http://www.wikidata.org/entity/Q560570
http://hdl.handle.net/11459/CCR_C-1331_89e7297d-85b0-5391-ea92-92347358719d,http://www.wikidata.org/entity/Q131105
http://hdl.handle.net/11459/CCR_C-1333_900f8984-089d-7603-3a85-76e5764df2d5,http://www.wikidata.org/entity/Q1084
http://hdl.handle.net/11459/CCR_C-1334_3ef89474-3670-161f-6212-beb82406bb75,http://www.wikidata.org/entity/Q63116
http://hdl.handle.net/11459/CCR_C-1341_efb73480-8227-6ea9-be78-ab5fd42b25fd,http://www.wikidata.org/entity/Q814722
http://hdl.handle.net/11459/CCR_C-1342_729d7fdf-0420-8a97-95c7-65ed91829c45,http://www.wikidata.org/entity/Q184943
http://hdl.handle.net/11459/CCR_C-1345_1ef990c7-38f2-f766-01db-f42b3027dd39,http://www.wikidata.org/entity/Q82042
http://hdl.handle.net/11459/CCR_C-1346_df16a4aa-5586-3cd9-b0e8-e4ad8a8327c5,http://www.wikidata.org/entity/Q1194697
http://hdl.handle.net/11459/CCR_C-1347_b5581b6b-deee-dc41-9636-64817d88d15a,http://www.wikidata.org/entity/Q192630
http://hdl.handle.net/11459/CCR_C-1352_2664f3ef-8d98-764f-9ec5-d582ed04d312,http://www.wikidata.org/entity/Q1424306
http://hdl.handle.net/11459/CCR_C-1354_f25bdcae-3309-a08a-330d-97f5b4753927,http://www.wikidata.org/entity/Q146786
http://hdl.handle.net/11459/CCR_C-1357_476c7b39-9f50-bf54-0412-59f34d87a144,http://www.wikidata.org/entity/Q5051
http://hdl.handle.net/11459/CCR_C-1359_41a180fd-f9a4-25e3-25c1-69c1225c31c8,http://www.wikidata.org/entity/Q1502460
http://hdl.handle.net/11459/CCR_C-1360_dc07e05a-b7bf-7e3e-360b-3d1e2a5c1c7f,http://www.wikidata.org/entity/Q161873
http://hdl.handle.net/11459/CCR_C-1366_0f19c480-07d0-a3e5-41ad-2a3992f7cf6a,http://www.wikidata.org/entity/Q4833830
http://hdl.handle.net/11459/CCR_C-1370_e2de8052-9016-a6a0-781d-bd4a2b79cfaf,http://www.wikidata.org/entity/Q36224
http://hdl.handle.net/11459/CCR_C-1371_fbebd9ec-a7f4-9a36-d6e9-88ee16b944ae,http://www.wikidata.org/entity/Q147276
http://hdl.handle.net/11459/CCR_C-1380_e55f8cdf-1792-eb7a-6792-4e6c9b3c176a,http://www.wikidata.org/entity/Q1050744
http://hdl.handle.net/11459/CCR_C-1384_a6aa56c1-3f5d-901f-cbbb-ecc8fdce9d69,http://www.wikidata.org/entity/Q51929049
http://hdl.handle.net/11459/CCR_C-1386_676aa48a-8457-4fac-f34c-ce3518952b53,http://www.wikidata.org/entity/Q37124094
http://hdl.handle.net/11459/CCR_C-1387_2f8f602b-dd99-d51f-2ffe-754515e36d7e,http://www.wikidata.org/entity/Q110786
http://hdl.handle.net/11459/CCR_C-1393_9905e94f-5624-ed01-139f-fc3ffac7a923,http://www.wikidata.org/entity/Q11655558
http://hdl.handle.net/11459/CCR_C-1400_cbba48ca-cc45-638e-35aa-40d9be4b37f2,http://www.wikidata.org/entity/Q1340504
http://hdl.handle.net/11459/CCR_C-1402_fd8749a9-cd4a-530e-760e-17944acfd054,http://www.wikidata.org/entity/Q51929074
http://hdl.handle.net/11459/CCR_C-1405_cebacec3-e397-6cdf-77ee-42aef4f06a21,http://www.wikidata.org/entity/Q116946936
http://hdl.handle.net/11459/CCR_C-1413_09afea63-a8fe-26ee-0b3c-7405763baba4,http://www.wikidata.org/entity/Q211101
http://hdl.handle.net/11459/CCR_C-1419_b7bac8b0-b195-b01b-c8a8-2ce44103c607,http://www.wikidata.org/entity/Q123964806
http://hdl.handle.net/11459/CCR_C-142_4086aac2-674a-839a-f5bc-788c32182669,http://www.wikidata.org/entity/Q2268906
http://hdl.handle.net/11459/CCR_C-1420_745016c4-84c2-766a-a861-b4cdb6dcba73,http://www.wikidata.org/entity/Q3482678
http://hdl.handle.net/11459/CCR_C-1421_ea34af08-3d35-5df6-7584-4c21aff9ec96,http://www.wikidata.org/entity/Q14169499
http://hdl.handle.net/11459/CCR_C-1422_eb7884c1-3a0c-55c1-5aa6-dde4b66e5da5,http://www.wikidata.org/entity/Q1817208
http://hdl.handle.net/11459/CCR_C-1424_dc8402e6-a042-2d8a-4740-0d6cfe5ede02,http://www.wikidata.org/entity/Q24905
http://hdl.handle.net/11459/CCR_C-1441_6b16a248-b8f6-f0c5-6cdd-2edd15243131,http://www.wikidata.org/entity/Q166764
http://hdl.handle.net/11459/CCR_C-1463_f07c7667-e90f-c10a-7239-1ecb8d804956,http://www.wikidata.org/entity/Q468801
http://hdl.handle.net/11459/CCR_C-1506_f672c5f9-c2d2-fe64-1f82-7945df1a10cd,http://www.wikidata.org/entity/Q5253026
http://hdl.handle.net/11459/CCR_C-1511_de660422-a1d2-bc63-f426-076234337234,http://www.wikidata.org/entity/Q504952
http://hdl.handle.net/11459/CCR_C-1558_015e4ddd-aff5-d9ec-ec64-e6be2c029456,http://www.wikidata.org/entity/Q1305037
http://hdl.handle.net/11459/CCR_C-1607_c4b203bf-d36b-ed36-44ab-56166c8b9881,http://www.wikidata.org/entity/Q7397
http://hdl.handle.net/11459/CCR_C-1655_0722250d-dcbf-44f6-ad8c-b178a9bff79e,http://www.wikidata.org/entity/Q281782
http://hdl.handle.net/11459/CCR_C-1662_d42aab6d-c84e-3756-09dd-9bb48eae04ed,http://www.wikidata.org/entity/Q190087
http://hdl.handle.net/11459/CCR_C-170_3bf76663-86b5-a222-1b5a-ad631e164b8b,http://www.wikidata.org/entity/Q1026899
http://hdl.handle.net/11459/CCR_C-171_faf6b94e-d56e-5f26-1c50-3681119ded9f,http://www.wikidata.org/entity/Q5421961
http://hdl.handle.net/11459/CCR_C-1837_b37f58c2-2d7e-38e2-a8cd-09460ba75f61,http://www.wikidata.org/entity/Q7187218
http://hdl.handle.net/11459/CCR_C-1840_9f4e319c-f233-6c90-9117-7270e215f039,http://www.wikidata.org/entity/Q128234
http://hdl.handle.net/11459/CCR_C-1843_a492ced1-dbba-d8d8-1d8a-71387ede8a48,http://www.wikidata.org/entity/Q473746
http://hdl.handle.net/11459/CCR_C-1845_97d455c9-2f4a-0f47-4d4a-ff60c2db2582,http://www.wikidata.org/entity/Q853614
http://hdl.handle.net/11459/CCR_C-1846_f7e57b9b-1775-81d2-fea9-8189d594d716,http://www.wikidata.org/entity/Q1141067
http://hdl.handle.net/11459/CCR_C-1857_54e14b00-c4a4-d48f-98d9-7eb2ab5b44d4,http://www.wikidata.org/entity/Q722218
http://hdl.handle.net/11459/CCR_C-1884_d6ad9a01-8406-9b2b-a9c7-2f50a71ce554,http://www.wikidata.org/entity/Q1775461
http://hdl.handle.net/11459/CCR_C-1886_bfb27596-3645-ec8f-5d68-541b311ec27c,http://www.wikidata.org/entity/Q2530613
http://hdl.handle.net/11459/CCR_C-1892_36013416-c0ef-a1d1-39ce-7063766746cc,http://www.wikidata.org/entity/Q103184
http://hdl.handle.net/11459/CCR_C-1896_7f5c0f64-cb21-da02-706c-27e4e6e1916d,http://www.wikidata.org/entity/Q10535365
http://hdl.handle.net/11459/CCR_C-1902_370d010c-47e2-1fe2-b652-ef1b04d30465,http://www.wikidata.org/entity/Q1250335
http://hdl.handle.net/11459/CCR_C-1906_e87b603b-1b90-81b7-d99b-171595ae4d6e,http://www.wikidata.org/entity/Q358417
http://hdl.handle.net/11459/CCR_C-1920_c55e0681-56a8-4a3a-6777-fc4cbe574d80,http://www.wikidata.org/entity/Q361669
http://hdl.handle.net/11459/CCR_C-1922_8638f78c-b990-b54c-446d-a20f4694c6e3,http://www.wikidata.org/entity/Q118521336
http://hdl.handle.net/11459/CCR_C-1924_e87a57bd-25f7-d3f8-395c-5885a403c178,http://www.wikidata.org/entity/Q1462657
http://hdl.handle.net/11459/CCR_C-1926_54336616-beda-d9e9-c1e8-28f8233e8f7f,http://www.wikidata.org/entity/Q1182686
http://hdl.handle.net/11459/CCR_C-1988_86f09f83-12d7-c634-496e-74078244271c,http://www.wikidata.org/entity/Q286576
http://hdl.handle.net/11459/CCR_C-2004_7dc427d7-61a6-853e-12ea-c7f766afc5b6,http://www.wikidata.org/entity/Q53997851
http://hdl.handle.net/11459/CCR_C-2092_36cd7ca8-e412-9f29-7ea7-4a3ba4ba2c91,http://www.wikidata.org/entity/Q906278
http://hdl.handle.net/11459/CCR_C-221_61a6af93-38ca-b93b-0344-d9351fef71eb,http://www.wikidata.org/entity/Q131684213
http://hdl.handle.net/11459/CCR_C-2243_1719dee8-96b4-94a3-3f94-cd58c200d2ae,http://www.wikidata.org/entity/Q731298
http://hdl.handle.net/11459/CCR_C-2255_88b411af-49bf-1cdb-7aad-224eb27ef06f,http://www.wikidata.org/entity/Q1778442
http://hdl.handle.net/11459/CCR_C-2256_f31b9b2c-03a2-2251-10d4-7d98ddc042b0,http://www.wikidata.org/entity/Q1401131
http://hdl.handle.net/11459/CCR_C-2257_31aa67ea-50e7-13d4-68f8-9c90840d5f47,http://www.wikidata.org/entity/Q56042915
http://hdl.handle.net/11459/CCR_C-2258_121366f1-07d0-2c34-373d-342e4d637446,http://www.wikidata.org/entity/Q357760
http://hdl.handle.net/11459/CCR_C-2276_30f9159b-8c1b-92ce-f6e0-f4eb294356af,http://www.wikidata.org/entity/Q1520033
http://hdl.handle.net/11459/CCR_C-2277_2fe036a2-06e6-d3b6-e714-51d08c67fe21,http://www.wikidata.org/entity/Q489168
http://hdl.handle.net/11459/CCR_C-2318_bfda5ab9-a429-c2e5-8f08-7c8dfca8245a,http://www.wikidata.org/entity/Q857525
http://hdl.handle.net/11459/CCR_C-2328_9bdde78f-fb6b-c699-8254-79d10a199069,http://www.wikidata.org/entity/Q65707353
http://hdl.handle.net/11459/CCR_C-233_9691d21c-51f7-9580-37a1-f58a808303dd,http://www.wikidata.org/entity/Q762856
http://hdl.handle.net/11459/CCR_C-2455_56998f5b-47bc-3d58-3bf6-13d18d2b0045,http://www.wikidata.org/entity/Q125183827
http://hdl.handle.net/11459/CCR_C-2457_45bbaa1a-7002-2ecd-ab9d-57a189f694a6,http://www.wikidata.org/entity/Q79719
http://hdl.handle.net/11459/CCR_C-2458_6d94aa4b-09f5-bd3e-0c00-23a457840463,http://www.wikidata.org/entity/Q340169
http://hdl.handle.net/11459/CCR_C-2459_fc4e74d6-84de-c8cd-1ae8-2c2be5ee90b1,http://www.wikidata.org/entity/Q43229
http://hdl.handle.net/11459/CCR_C-2464_be58b081-dad1-85f8-d20d-0445078f4ac0,http://www.wikidata.org/entity/Q733553
http://hdl.handle.net/11459/CCR_C-2466_b251ac7a-98db-471c-1435-6db8dc0b692e,http://www.wikidata.org/entity/Q33384
http://hdl.handle.net/11459/CCR_C-2467_f4e7331f-b930-fc42-eeea-05e383cfaa78,http://www.wikidata.org/entity/Q5289798
http://hdl.handle.net/11459/CCR_C-2468_e4135e12-c272-171e-a8a2-48339228387b,http://www.wikidata.org/entity/Q124156879
http://hdl.handle.net/11459/CCR_C-2469_2160b7a0-80f7-2d68-5f3e-997e052a1602,http://www.wikidata.org/entity/Q5416730
http://hdl.handle.net/11459/CCR_C-2470_d191f2b2-6339-f031-b534-70d526b28357,http://www.wikidata.org/entity/Q483394
http://hdl.handle.net/11459/CCR_C-2476_d4606c12-013a-0155-14e2-daa5a4400ef2,http://www.wikidata.org/entity/Q839721
http://hdl.handle.net/11459/CCR_C-2482_08eded24-4086-7e3f-88e5-e0807fb01e17,http://www.wikidata.org/entity/Q2092812
http://hdl.handle.net/11459/CCR_C-2484_669684e7-cb9e-ea96-59cb-a25fe89b9b9d,http://www.wikidata.org/entity/Q3109261
http://hdl.handle.net/11459/CCR_C-2486_794a7f19-9d67-50ca-d6e2-6fda9057a7d3,http://www.wikidata.org/entity/Q115862390
http://hdl.handle.net/11459/CCR_C-2490_44bc38a3-1799-4149-c791-40ac0176f0ff,http://www.wikidata.org/entity/Q1243600
http://hdl.handle.net/11459/CCR_C-2494_2451c60f-fd9f-6c36-02f6-ac5b8929f487,http://www.wikidata.org/entity/Q18379613
http://hdl.handle.net/11459/CCR_C-2499_52993a80-0bcf-d671-22dc-903effdb98b7,http://www.wikidata.org/entity/Q18387998
http://hdl.handle.net/11459/CCR_C-251_e9b5dc02-9bae-4415-d083-006c5da8e0ad,http://www.wikidata.org/entity/Q104083
http://hdl.handle.net/11459/CCR_C-2510_2402e609-046a-dfbf-c2d7-5a2f1ae6dc86,http://www.wikidata.org/entity/Q131673289
http://hdl.handle.net/11459/CCR_C-252_e0a8552e-0ec6-9068-68ce-f24ff3d3eff0,http://www.wikidata.org/entity/Q110786
http://hdl.handle.net/11459/CCR_C-2521_7b01b455-0de8-d753-ad4e-dee49953ae98,http://www.wikidata.org/entity/Q1273217
http://hdl.handle.net/11459/CCR_C-2522_3bdc6af1-bf1b-3f5d-2938-62d99a1980ab,http://www.wikidata.org/entity/P8324
http://hdl.handle.net/11459/CCR_C-2523_283c7b54-06ed-3d6c-4bb0-c8a79a8236fd,http://www.wikidata.org/entity/Q104224919
http://hdl.handle.net/11459/CCR_C-2526_979ac535-eaa5-5e59-3cad-51c450234698,http://www.wikidata.org/entity/P5017
http://hdl.handle.net/11459/CCR_C-253_6eb62624-e7a3-7c78-7bf7-76d2d7f8c199,http://www.wikidata.org/entity/Q146786
http://hdl.handle.net/11459/CCR_C-2531_e0427265-2fc4-d23e-0a7c-a21981ec3734,http://www.wikidata.org/entity/Q5107
http://hdl.handle.net/11459/CCR_C-2532_d004b0a6-fd1d-3ca3-abf1-1e6aeb3e37b2,http://www.wikidata.org/entity/Q6256
http://hdl.handle.net/11459/CCR_C-2538_8b697452-7ef3-9fce-ccf9-a7f344f11317,http://www.wikidata.org/entity/P577
http://hdl.handle.net/11459/CCR_C-2542_d9c3586f-ca6c-2137-0b0e-8874b9a195be,http://www.wikidata.org/entity/P170
http://hdl.handle.net/11459/CCR_C-2547_7883d382-b3ce-8ab4-7052-0138525a8ba1,http://www.wikidata.org/entity/Q12343820
http://hdl.handle.net/11459/CCR_C-2549_42c384cb-7697-889f-45dd-c1155857f117,http://www.wikidata.org/entity/Q130324710
http://hdl.handle.net/11459/CCR_C-2562_872eb94a-47fb-b551-2f64-13ded063259e,http://www.wikidata.org/entity/Q57780370
http://hdl.handle.net/11459/CCR_C-2564_880b1108-6b03-647f-eed9-cdfbd464c661,http://www.wikidata.org/entity/Q184759
http://hdl.handle.net/11459/CCR_C-2567_8e616d60-5708-c3d4-320b-661399ccda43,http://www.wikidata.org/entity/P2047
http://hdl.handle.net/11459/CCR_C-2570_6f596a6d-4d5c-f336-d971-e61a310e2c8c,http://www.wikidata.org/entity/P1163
http://hdl.handle.net/11459/CCR_C-2571_2be2e583-e5af-34c2-3673-93359ec1f7df,http://www.wikidata.org/entity/Q1667978
http://hdl.handle.net/11459/CCR_C-2573_ae7c2548-8a86-ab6e-7099-e28b7697d1a2,http://www.wikidata.org/entity/Q420330
http://hdl.handle.net/11459/CCR_C-2574_85e2b550-e877-599a-fb82-76812896f9da,http://www.wikidata.org/entity/Q1757694
http://hdl.handle.net/11459/CCR_C-2575_3d7c3d42-f4d3-6071-61a1-45deeb960343,http://www.wikidata.org/entity/Q210521
http://hdl.handle.net/11459/CCR_C-2577_73344cc2-f341-8842-bcf7-48e5267a3aca,http://www.wikidata.org/entity/P11413
http://hdl.handle.net/11459/CCR_C-2580_6dfe4e09-1c61-9b24-98ad-16bb867860fe,http://www.wikidata.org/entity/Q322481
http://hdl.handle.net/11459/CCR_C-2583_5f5cb491-1037-8d46-d685-ccebfc0233f7,http://www.wikidata.org/entity/P1880
http://hdl.handle.net/11459/CCR_C-2591_f769d93b-c007-d2c9-aff2-99e9177e5764,http://www.wikidata.org/entity/Q24238356
http://hdl.handle.net/11459/CCR_C-2593_b4878707-c766-efaf-eb13-1092ddc989cc,http://www.wikidata.org/entity/Q1058876
http://hdl.handle.net/11459/CCR_C-2595_33036215-f7a0-6d2f-0f89-cc879eda8c54,http://www.wikidata.org/entity/Q15078788
http://hdl.handle.net/11459/CCR_C-2597_1ab0fe71-0be4-8841-fb83-06df0b10f5fb,http://www.wikidata.org/entity/Q1499933
http://hdl.handle.net/11459/CCR_C-2599_93805699-d3a2-ae19-5399-d0bba0e8fc24,http://www.wikidata.org/entity/Q55107540
http://hdl.handle.net/11459/CCR_C-2601_2f01d22c-14e2-7e92-20df-3f6eaf6b33cf,http://www.wikidata.org/entity/Q8242
http://hdl.handle.net/11459/CCR_C-2602_03be0b80-7ee1-5f23-7818-364dba82fd81,http://www.wikidata.org/entity/Q482
http://hdl.handle.net/11459/CCR_C-2605_b0b56532-5f72-0f0d-ac89-1249d099940b,http://www.wikidata.org/entity/Q12617225
http://hdl.handle.net/11459/CCR_C-2606_660770f2-b23e-4ed6-f9c3-6b2d8e827034,http://www.wikidata.org/entity/Q5707594
http://hdl.handle.net/11459/CCR_C-2608_6c9eac1a-54a4-274a-b8e0-2c33709a80b7,http://www.wikidata.org/entity/Q190539
http://hdl.handle.net/11459/CCR_C-2611_793f560e-dd43-88d0-1161-ae1c871bbb22,http://www.wikidata.org/entity/Q639197
http://hdl.handle.net/11459/CCR_C-2622_d65f6ee8-054a-6263-8e58-1b97f036c6b5,http://www.wikidata.org/entity/Q70440718
http://hdl.handle.net/11459/CCR_C-2623_3a394a41-f292-b4cd-e686-6c23c44cf69b,http://www.wikidata.org/entity/Q29407
http://hdl.handle.net/11459/CCR_C-2624_9a7ef346-e101-d2df-35c1-c3513b60bb68,http://www.wikidata.org/entity/Q321249
http://hdl.handle.net/11459/CCR_C-2625_9a465f81-b2b1-15e5-532f-8d4ea59c9cfd,http://www.wikidata.org/entity/Q147638
http://hdl.handle.net/11459/CCR_C-2627_5bd2c71a-8e43-a61d-0897-165b6068cb26,http://www.wikidata.org/entity/Q1129466
http://hdl.handle.net/11459/CCR_C-2628_fa1d7589-8fe3-4c02-f5b3-44d0a4486124,http://www.wikidata.org/entity/Q938318
http://hdl.handle.net/11459/CCR_C-2629_cea0bd03-e626-0be8-e376-b029b6279fd0,http://www.wikidata.org/entity/Q14357850
http://hdl.handle.net/11459/CCR_C-2630_e5928f3b-f466-1e5a-bd6e-ac5060435f77,http://www.wikidata.org/entity/Q190375
http://hdl.handle.net/11459/CCR_C-2631_e29c95b4-0df8-88ec-e760-4ea492fd4d47,http://www.wikidata.org/entity/Q1478235
http://hdl.handle.net/11459/CCR_C-2632_2312c07f-501f-0aaa-1071-e196b29bf589,http://www.wikidata.org/entity/Q113621347
http://hdl.handle.net/11459/CCR_C-2633_32b8392a-c5c3-a472-26fa-9645636885c6,http://www.wikidata.org/entity/Q1133221
http://hdl.handle.net/11459/CCR_C-2634_9f56fdd1-f49f-489f-b81c-feeca06c4499,http://www.wikidata.org/entity/Q184524
http://hdl.handle.net/11459/CCR_C-2635_ff672442-a332-9256-8833-74b5eb34fa83,http://www.wikidata.org/entity/Q113621348
http://hdl.handle.net/11459/CCR_C-2637_c0b989d6-a29f-f8d2-5819-164d8538bed4,http://www.wikidata.org/entity/Q15727633
http://hdl.handle.net/11459/CCR_C-2638_811b5e3d-b6de-20dd-fb18-467a29a38a08,http://www.wikidata.org/entity/Q38311
http://hdl.handle.net/11459/CCR_C-2639_157182a7-4268-7f17-d8ed-6ed882ccd9a2,http://www.wikidata.org/entity/Q215948
http://hdl.handle.net/11459/CCR_C-2640_86c9afb9-66c7-3145-219d-0b3c346dfa2d,http://www.wikidata.org/entity/Q484761
http://hdl.handle.net/11459/CCR_C-2641_c5096a00-5b93-e31e-e19e-85c30f4ac509,http://www.wikidata.org/entity/Q35395
http://hdl.handle.net/11459/CCR_C-2642_2b31550c-0b09-795a-a7e7-1624ceab9f82,http://www.wikidata.org/entity/Q40998
http://hdl.handle.net/11459/CCR_C-2643_21f644b7-876c-8fcb-3852-db34ca6d11cb,http://www.wikidata.org/entity/Q181839
http://hdl.handle.net/11459/CCR_C-2644_5d5471ce-0637-70fc-af5b-56b6ef31d8c1,http://www.wikidata.org/entity/Q179488
http://hdl.handle.net/11459/CCR_C-2646_53b373e7-294b-39ce-3f8d-9b192c624e1e,http://www.wikidata.org/entity/Q160845
http://hdl.handle.net/11459/CCR_C-2647_e2a23859-3e18-2710-4fa8-0f7d4fb5aea6,http://www.wikidata.org/entity/Q37437
http://hdl.handle.net/11459/CCR_C-2648_1d54ce8c-110b-febf-5069-047fd5e53b2d,http://www.wikidata.org/entity/Q865083
http://hdl.handle.net/11459/CCR_C-2651_b9c47802-abb0-110e-5251-c37dea6703f0,http://www.wikidata.org/entity/P282
http://hdl.handle.net/11459/CCR_C-2657_25c2ad8e-3ac1-1663-8c7f-82ea4abc75ce,http://www.wikidata.org/entity/Q93184
http://hdl.handle.net/11459/CCR_C-2659_fb46b0da-0dca-503c-083b-4a524d8e97cc,http://www.wikidata.org/entity/Q261197
http://hdl.handle.net/11459/CCR_C-2660_0a31ff6b-dd63-a44d-096d-840918a8d097,http://www.wikidata.org/entity/Q131395
http://hdl.handle.net/11459/CCR_C-2661_38e4e46b-dd13-f0b1-dff5-ee991b589755,http://www.wikidata.org/entity/Q52943
http://hdl.handle.net/11459/CCR_C-2684_ac8bdf07-61be-d478-53f7-8949139e11fc,http://www.wikidata.org/entity/Q1431161
http://hdl.handle.net/11459/CCR_C-2685_65492121-3759-0fc2-694b-83eccbb9d26c,http://www.wikidata.org/entity/Q2493
http://hdl.handle.net/11459/CCR_C-2686_8482ada6-574c-67e3-d65a-64a23b06b533,http://www.wikidata.org/entity/Q339338
http://hdl.handle.net/11459/CCR_C-2687_a2b83d99-1795-80ee-9968-cb34dbd0d959,http://www.wikidata.org/entity/Q23651349
http://hdl.handle.net/11459/CCR_C-2688_592a09a1-3e6c-3880-c828-d218fee72af5,http://www.wikidata.org/entity/Q12745768
http://hdl.handle.net/11459/CCR_C-2689_b7a745f7-1c1f-df1d-e50b-aa7a6435b39d,http://www.wikidata.org/entity/Q682626
http://hdl.handle.net/11459/CCR_C-2690_3d45e6f3-0827-1b1f-b5a5-2ab3b13450fd,http://www.wikidata.org/entity/Q322481
http://hdl.handle.net/11459/CCR_C-2693_5f7f9cfb-991a-819e-3507-20bfcad65fc5,http://www.wikidata.org/entity/Q758891
http://hdl.handle.net/11459/CCR_C-2694_00e90286-f489-9ef4-1fbb-9495f7c0a968,http://www.wikidata.org/entity/Q758870
http://hdl.handle.net/11459/CCR_C-2697_adc469e0-5112-dcba-56bd-fe4ace7244ed,http://www.wikidata.org/entity/Q372029
http://hdl.handle.net/11459/CCR_C-2698_cb67601d-064d-82e2-1cb3-01e4ffed5693,http://www.wikidata.org/entity/Q15975575
http://hdl.handle.net/11459/CCR_C-2700_bd03fda3-0a95-79e2-806e-9e92631239fa,http://www.wikidata.org/entity/Q294440
http://hdl.handle.net/11459/CCR_C-2717_812735d5-5c26-55dd-0a46-9bc96a6e3d67,http://www.wikidata.org/entity/Q83034
http://hdl.handle.net/11459/CCR_C-2720_b07740f5-958e-e91f-6248-2fd6f394a65f,http://www.wikidata.org/entity/Q128234
http://hdl.handle.net/11459/CCR_C-2721_b4e1bf33-3133-5728-7e12-ea7e7b1aa6e0,http://www.wikidata.org/entity/Q131105
http://hdl.handle.net/11459/CCR_C-2722_98bef5dd-208a-a375-4aa3-57ae8f560162,http://www.wikidata.org/entity/Q146233
http://hdl.handle.net/11459/CCR_C-2723_503c5540-dbd5-a2fe-4b02-7932e7d81bcd,http://www.wikidata.org/entity/Q145599
http://hdl.handle.net/11459/CCR_C-2724_53acfdbe-6741-7430-6e7f-677b47993c17,http://www.wikidata.org/entity/Q146078
http://hdl.handle.net/11459/CCR_C-2725_5d674112-e5a5-46ba-d008-d69ad2c9bfb4,http://www.wikidata.org/entity/Q192997
http://hdl.handle.net/11459/CCR_C-2726_da687347-23ae-062f-92c5-af3acf7d6b82,http://www.wikidata.org/entity/Q202142
http://hdl.handle.net/11459/CCR_C-2727_72586392-8488-13dc-3bb2-76e44f2ba450,http://www.wikidata.org/entity/Q185077
http://hdl.handle.net/11459/CCR_C-2728_13e9ee82-2101-b05f-e419-b00a3d451a65,http://www.wikidata.org/entity/Q48277
http://hdl.handle.net/11459/CCR_C-2732_b578d23f-d7c0-02b5-9320-c750fef44f95,http://www.wikidata.org/entity/Q1775415
http://hdl.handle.net/11459/CCR_C-2745_746a924d-cc6f-8def-c104-9b09e159afce,http://www.wikidata.org/entity/Q393272
http://hdl.handle.net/11459/CCR_C-2751_b8355381-eacd-0c9c-f580-b2d83af92da9,http://www.wikidata.org/entity/Q380057
http://hdl.handle.net/11459/CCR_C-2752_1ec8d5d6-a8cb-7da2-e2c3-398b6d53d236,http://www.wikidata.org/entity/Q1509829
http://hdl.handle.net/11459/CCR_C-2753_e54c74f3-4837-a7aa-8d26-5be3575e26cf,http://www.wikidata.org/entity/Q179230
http://hdl.handle.net/11459/CCR_C-2760_1d6f4742-2721-24f0-ed80-1b56a1b917f1,http://www.wikidata.org/entity/Q1923028
http://hdl.handle.net/11459/CCR_C-2765_0c8eb351-3cef-e645-4596-1544da42fc2a,http://www.wikidata.org/entity/Q34698
http://hdl.handle.net/11459/CCR_C-2775_0d862930-ad75-39db-21c5-7aeeef08b3c3,http://www.wikidata.org/entity/Q690940
http://hdl.handle.net/11459/CCR_C-2776_8bca4c2a-74e8-8a34-51e5-f073d405672a,http://www.wikidata.org/entity/Q21714344
http://hdl.handle.net/11459/CCR_C-278_336dd81a-626b-713e-c74a-34fa2ca26a71,http://www.wikidata.org/entity/Q12310022
http://hdl.handle.net/11459/CCR_C-2780_9aabd686-4121-dc73-ef7b-ee76654a0da9,http://www.wikidata.org/entity/Q3482678
http://hdl.handle.net/11459/CCR_C-2781_ab7338a2-cf57-4ab0-f739-2d53175d7ced,http://www.wikidata.org/entity/Q14169499
http://hdl.handle.net/11459/CCR_C-2782_0f87f2f0-ba90-e8ce-52f0-7ac107d33003,http://www.wikidata.org/entity/Q1817208
http://hdl.handle.net/11459/CCR_C-2783_206273dd-4907-ff30-aace-3613b56afaab,http://www.wikidata.org/entity/Q208084
http://hdl.handle.net/11459/CCR_C-2784_34db42d8-3437-5ed7-9cc3-557313baa346,http://www.wikidata.org/entity/Q371427
http://hdl.handle.net/11459/CCR_C-2785_a76cf34c-3789-3df1-af95-6371f6c7127c,http://www.wikidata.org/entity/Q1424306
http://hdl.handle.net/11459/CCR_C-2787_f49e7f65-2f4a-1aa5-2907-ccef5155bed2,http://www.wikidata.org/entity/Q63302092
http://hdl.handle.net/11459/CCR_C-2788_8acb246d-3e5a-4ec9-1685-622e9c5487d7,http://www.wikidata.org/entity/Q115987706
http://hdl.handle.net/11459/CCR_C-2811_d4d5abe8-8374-bf9b-79e5-ee662a0e72ed,http://www.wikidata.org/entity/Q8096
http://hdl.handle.net/11459/CCR_C-2812_3eb10aee-d611-7ebf-fc53-ca8fcfd79fc6,http://www.wikidata.org/entity/Q23622
http://hdl.handle.net/11459/CCR_C-286_ce2a6f05-708a-0eb0-84b0-75ee2595cb27,http://www.wikidata.org/entity/Q18514
http://hdl.handle.net/11459/CCR_C-2871_25a50514-c914-8dfd-6a1c-24103f1f333a,http://www.wikidata.org/entity/Q27916662
http://hdl.handle.net/11459/CCR_C-2935_42a10108-df19-682d-8398-e47c622addd6,http://www.wikidata.org/entity/Q10345583
http://hdl.handle.net/11459/CCR_C-2939_d382d66a-e9d9-40de-6df3-8e34d9f66209,http://www.wikidata.org/entity/Q12717679
http://hdl.handle.net/11459/CCR_C-2943_be47bcca-a065-aba9-2435-14f1308f0e61,http://www.wikidata.org/entity/Q1725664
http://hdl.handle.net/11459/CCR_C-2949_10ed5b3b-2e62-a962-dac3-300f3df5441a,http://www.wikidata.org/entity/Q6581097
http://hdl.handle.net/11459/CCR_C-2950_38f5b23e-097e-2ceb-e5f7-b16756638b89,http://www.wikidata.org/entity/Q6581072
http://hdl.handle.net/11459/CCR_C-2952_4b03e9bb-4a9c-1a2a-2181-85928a4d37ab,http://www.wikidata.org/entity/Q16751793
http://hdl.handle.net/11459/CCR_C-2953_b99fa79d-2311-9005-9e66-005d04a3f017,http://www.wikidata.org/entity/Q5432619
http://hdl.handle.net/11459/CCR_C-2954_cac8e0f7-2193-848f-95d8-17f61a62a61f,http://www.wikidata.org/entity/Q10521848
http://hdl.handle.net/11459/CCR_C-2955_3b1694a0-f9e4-3802-f2bd-1bd371ac5945,http://www.wikidata.org/entity/Q36870
http://hdl.handle.net/11459/CCR_C-2956_519a4aab-2f76-0fd3-090e-f0d6b81a7dbb,http://www.wikidata.org/entity/Q12794619
http://hdl.handle.net/11459/CCR_C-2957_877cc159-3d88-5fb7-b6ad-0b60d1546bb6,http://www.wikidata.org/entity/Q61002
http://hdl.handle.net/11459/CCR_C-2959_2da83a2b-ebdb-42f3-40fb-cc7bb7ce7e26,http://www.wikidata.org/entity/Q372029
http://hdl.handle.net/11459/CCR_C-2961_9c4165d7-a124-bd97-ba64-73763421aa9d,http://www.wikidata.org/entity/Q71821715
http://hdl.handle.net/11459/CCR_C-2962_545d0b08-7224-067c-488a-d58ca4b6e5ef,http://www.wikidata.org/entity/Q55542
http://hdl.handle.net/11459/CCR_C-2963_56ea0ae5-d807-6a0c-088d-ae596c28e30f,http://www.wikidata.org/entity/Q55564
http://hdl.handle.net/11459/CCR_C-2965_a3b572c8-1975-686f-2090-a2f7581beec6,http://www.wikidata.org/entity/Q10698758
http://hdl.handle.net/11459/CCR_C-2966_9df94c5e-ed0f-fe0e-b123-f1ad9208a800,http://www.wikidata.org/entity/Q1135389
http://hdl.handle.net/11459/CCR_C-2967_c96c9be1-3655-28c8-2b1c-0c499309c87a,http://www.wikidata.org/entity/Q81941037
http://hdl.handle.net/11459/CCR_C-2968_1429ecde-f5a8-a4c9-80d6-98c5c33607db,http://www.wikidata.org/entity/Q217602
http://hdl.handle.net/11459/CCR_C-2970_4a808fbf-536c-1b94-c2d9-4abf3ddbf1be,http://www.wikidata.org/entity/Q7553
http://hdl.handle.net/11459/CCR_C-2971_fff56172-59bd-da09-4140-765fa82b5494,http://www.wikidata.org/entity/Q43091
http://hdl.handle.net/11459/CCR_C-2972_04c0cb5f-a8ec-61fc-097e-f9a371701c8e,http://www.wikidata.org/entity/Q1428721
http://hdl.handle.net/11459/CCR_C-2973_072180f1-e926-0a96-51ea-37a8491ebe44,http://www.wikidata.org/entity/Q10880526
http://hdl.handle.net/11459/CCR_C-2974_67e63f73-1943-7a90-0f30-bab7aa74bc1a,http://www.wikidata.org/entity/Q63087
http://hdl.handle.net/11459/CCR_C-2976_6bb77196-9fdf-a6d7-7bd0-e64841d0ac2f,http://www.wikidata.org/entity/Q2313343
http://hdl.handle.net/11459/CCR_C-2979_8030473e-bbcb-6b87-3fd2-90554429ec50,http://www.wikidata.org/entity/Q43229
http://hdl.handle.net/11459/CCR_C-2980_46811e66-9ece-d829-0806-84c4ea76c1da,http://www.wikidata.org/entity/Q3287002
http://hdl.handle.net/11459/CCR_C-2981_9044e25f-19da-13f1-8b1f-24e50d0fce27,http://www.wikidata.org/entity/Q10779529
http://hdl.handle.net/11459/CCR_C-2982_0aa36b27-d005-731d-d580-0ddd1df895fa,http://www.wikidata.org/entity/Q20923490
http://hdl.handle.net/11459/CCR_C-2985_eb8af78d-f984-eb56-0a93-d09db8702d9b,http://www.wikidata.org/entity/Q2914681
http://hdl.handle.net/11459/CCR_C-2986_abd6a7c1-1247-94c3-6ff3-59d9b6011f3c,http://www.wikidata.org/entity/Q184199
http://hdl.handle.net/11459/CCR_C-2987_cb742d74-540a-ce69-b504-11191c6672a8,http://www.wikidata.org/entity/Q126373660
http://hdl.handle.net/11459/CCR_C-2990_12f55eed-cacf-5ec3-c929-ce2493956713,http://www.wikidata.org/entity/Q112234259
http://hdl.handle.net/11459/CCR_C-2994_c65bb7e8-0c91-f1f0-cc62-15891f2ba580,http://www.wikidata.org/entity/Q371174
http://hdl.handle.net/11459/CCR_C-2998_832075f3-9e5b-93e3-952b-4206003c8a6b,http://www.wikidata.org/entity/Q2112896
http://hdl.handle.net/11459/CCR_C-3003_b43b14b4-e92f-2696-3bbb-7b3d598c5f8e,http://www.wikidata.org/entity/Q1442568
http://hdl.handle.net/11459/CCR_C-3103_2703f461-5695-5fe4-46bd-bcb6d40d19c0,http://www.wikidata.org/entity/Q1329258
http://hdl.handle.net/11459/CCR_C-3111_abbdac13-65e7-d83a-9203-eae38f909354,http://www.wikidata.org/entity/Q1713
http://hdl.handle.net/11459/CCR_C-3161_dcff6176-5b93-b614-0453-cae3c4a0a107,http://www.wikidata.org/entity/Q33384
http://hdl.handle.net/11459/CCR_C-3187_c802a5a2-a1e8-77ec-64b2-0ee84d019698,http://www.wikidata.org/entity/Q60790458
http://hdl.handle.net/11459/CCR_C-3197_9e0c49be-b888-bc56-b6d1-05f4dd1d5a66,http://www.wikidata.org/entity/Q1775415
http://hdl.handle.net/11459/CCR_C-3198_41320ea0-7a3c-2cb1-a9dc-69fe3e24d79e,http://www.wikidata.org/entity/Q21714344
http://hdl.handle.net/11459/CCR_C-321_bca85c97-876f-18a5-84e5-68381744c245,http://www.wikidata.org/entity/Q116763071
http://hdl.handle.net/11459/CCR_C-3266_382e27ef-820b-8861-5aa3-b60dbe69936e,http://www.wikidata.org/entity/Q83034
http://hdl.handle.net/11459/CCR_C-3296_35f167a4-da60-1bc1-518d-05416e0b01b0,http://www.wikidata.org/entity/Q18168594
http://hdl.handle.net/11459/CCR_C-331_e5bb2d6f-dfb2-f686-ac15-b5c215c09bfb,http://www.wikidata.org/entity/Q102786
http://hdl.handle.net/11459/CCR_C-3312_4e7c6a3d-3b48-8ade-de52-cfaa9122269a,http://www.wikidata.org/entity/Q499327
http://hdl.handle.net/11459/CCR_C-332_6c2ec936-41cd-0440-2914-8253480ce3f5,http://www.wikidata.org/entity/Q96406487
http://hdl.handle.net/11459/CCR_C-3336_086f7d13-1e1c-8618-5051-b9c7ab4cf860,http://www.wikidata.org/entity/Q1775461
http://hdl.handle.net/11459/CCR_C-334_e99db400-a55c-1747-e876-f2a0099a42e7,http://www.wikidata.org/entity/Q101244
http://hdl.handle.net/11459/CCR_C-3378_2cfb52ec-8530-48d2-4c67-6cebe15d3684,http://www.wikidata.org/entity/Q1994301
http://hdl.handle.net/11459/CCR_C-3415_178df93a-7a6c-34df-e75e-0202f74fb81a,http://www.wikidata.org/entity/Q176302
http://hdl.handle.net/11459/CCR_C-3421_a6ed15ea-526e-20f8-e0a6-31ce60108f65,http://www.wikidata.org/entity/Q192613
http://hdl.handle.net/11459/CCR_C-3423_cbf8f490-ded2-4759-3b07-add4ee20aa14,http://www.wikidata.org/entity/Q2006180
http://hdl.handle.net/11459/CCR_C-3464_ebad0e35-c362-c309-e4a5-bd37217ffdd1,http://www.wikidata.org/entity/Q51929049
http://hdl.handle.net/11459/CCR_C-350_09ad5267-753a-3866-558f-c369ed09e482,http://www.wikidata.org/entity/Q187931
http://hdl.handle.net/11459/CCR_C-351_b82907f8-2644-8def-642b-f7e5763d612e,http://www.wikidata.org/entity/Q184511
http://hdl.handle.net/11459/CCR_C-3526_35cf2759-1e8a-32ee-55d9-8acb1c4c801a,http://www.wikidata.org/entity/Q51929074
http://hdl.handle.net/11459/CCR_C-3643_eab938d4-a829-c425-54bb-0a3571ac0f61,http://www.wikidata.org/entity/Q3707858
http://hdl.handle.net/11459/CCR_C-3646_60ef52ab-b400-cb07-7cc2-bda80ec72001,http://www.wikidata.org/entity/Q1047113
http://hdl.handle.net/11459/CCR_C-3650_38d4163b-1e6d-b3a4-d4f7-f559e4fb86b3,http://www.wikidata.org/entity/Q118763588
http://hdl.handle.net/11459/CCR_C-3654_f1608e88-95e6-4233-5d21-5312e76de32d,http://www.wikidata.org/entity/P580
http://hdl.handle.net/11459/CCR_C-3656_e3f5ad00-cbfa-1850-8f34-93efa96fd343,http://www.wikidata.org/entity/Q34876
http://hdl.handle.net/11459/CCR_C-3658_fd159145-858f-5432-ed24-c803b66ff2fe,http://www.wikidata.org/entity/Q9174
http://hdl.handle.net/11459/CCR_C-3659_63f542c7-82e4-48be-3606-e5e58272ae18,http://www.wikidata.org/entity/Q3885844
http://hdl.handle.net/11459/CCR_C-3660_2a416158-a3e9-82ff-d3e9-ac5afed7f7c6,http://www.wikidata.org/entity/Q185836
http://hdl.handle.net/11459/CCR_C-3661_cd24ffb1-a3fb-4b5a-6e87-b6868af436c3,http://www.wikidata.org/entity/Q48277
http://hdl.handle.net/11459/CCR_C-3662_525f0850-247b-ecb6-c518-aa36f13a5ba6,http://www.wikidata.org/entity/Q187588
http://hdl.handle.net/11459/CCR_C-3665_25780897-d105-f6ca-5eab-26555f6db6b5,http://www.wikidata.org/entity/Q673473
http://hdl.handle.net/11459/CCR_C-3666_24bd6aab-400c-517c-c721-e19d0edb98b4,http://www.wikidata.org/entity/Q5270227
http://hdl.handle.net/11459/CCR_C-3735_a4f75eed-be6c-0602-4298-d63ec7f52f9b,http://www.wikidata.org/entity/Q478798
http://hdl.handle.net/11459/CCR_C-3786_21c37142-994f-63a8-5a5b-a9fce07681a7,http://www.wikidata.org/entity/Q166142
http://hdl.handle.net/11459/CCR_C-3789_1572b49c-4e36-24db-4358-25324cd4b5cb,http://www.wikidata.org/entity/Q121344523
http://hdl.handle.net/11459/CCR_C-3792_68c770a4-d58c-46dd-d429-5609ce5f81c3,http://www.wikidata.org/entity/Q11420631
http://hdl.handle.net/11459/CCR_C-3803_bda53954-6b5c-9885-2b0f-a8327a249027,http://www.wikidata.org/entity/Q3644502
http://hdl.handle.net/11459/CCR_C-3810_7d3b783a-d2c6-51fc-01ab-6a8a658d94c8,http://www.wikidata.org/entity/Q123588392
http://hdl.handle.net/11459/CCR_C-3817_09cdc640-abe2-9886-57a5-522cd339ee80,http://www.wikidata.org/entity/Q1302249
http://hdl.handle.net/11459/CCR_C-385_d5af2f91-c926-3747-cc35-1d21aefd2717,http://www.wikidata.org/entity/Q2428747
http://hdl.handle.net/11459/CCR_C-386_c4d03d17-6dac-da00-f21b-99de526ee6ab,http://www.wikidata.org/entity/Q4347052
http://hdl.handle.net/11459/CCR_C-3863_713718c8-1adc-ffae-987b-2e0e09b09dee,http://www.wikidata.org/entity/Q2668126
http://hdl.handle.net/11459/CCR_C-3873_6dd9b9c4-da28-22e2-198d-d686c03994e7,http://www.wikidata.org/entity/Q2148398
http://hdl.handle.net/11459/CCR_C-3881_6dc007dd-db31-ddac-3882-4048959dc00d,http://www.wikidata.org/entity/Q2625603
http://hdl.handle.net/11459/CCR_C-3887_377dc728-2708-f2b7-00b3-97ebd48dcbe8,http://www.wikidata.org/entity/P1132
http://hdl.handle.net/11459/CCR_C-3896_652d9600-df81-c3d1-978a-54e494077f3f,http://www.wikidata.org/entity/Q529711
http://hdl.handle.net/11459/CCR_C-3897_50871416-220f-1154-2394-b63a27379c08,http://www.wikidata.org/entity/Q12769393
http://hdl.handle.net/11459/CCR_C-3899_c6c608e7-cb2e-1832-09ff-aee36e1f2ed4,http://www.wikidata.org/entity/Q18042594
http://hdl.handle.net/11459/CCR_C-3900_8cbd76e3-556e-8271-1baf-b2170c7017ab,http://www.wikidata.org/entity/Q47461344
http://hdl.handle.net/11459/CCR_C-3905_36a59b88-5b95-49ae-ff07-129cb9f28354,http://www.wikidata.org/entity/Q1759657
http://hdl.handle.net/11459/CCR_C-3921_97e7ff61-c72f-7984-c7f1-12ae26a3e180,http://www.wikidata.org/entity/Q38311
http://hdl.handle.net/11459/CCR_C-3925_f68d4915-a64a-0a95-ed95-4b05eae56d0d,http://www.wikidata.org/entity/Q134316
http://hdl.handle.net/11459/CCR_C-3933_aa9f4eec-ca3f-740e-8b18-8be5308079da,http://www.wikidata.org/entity/Q36224
http://hdl.handle.net/11459/CCR_C-3937_b00b282f-0fb7-6ddd-f03f-45212f8df321,http://www.wikidata.org/entity/Q10358455
http://hdl.handle.net/11459/CCR_C-3949_6d201310-bbc5-690d-55de-d795b4d8378d,http://www.wikidata.org/entity/Q811525
http://hdl.handle.net/11459/CCR_C-396_5a972b93-2294-ab5c-a541-7c344c5f26c3,http://www.wikidata.org/entity/Q82042
http://hdl.handle.net/11459/CCR_C-3963_06cc8d41-324f-3c21-d41e-b01c74d3df82,http://www.wikidata.org/entity/Q1758614
http://hdl.handle.net/11459/CCR_C-3964_8d25477d-6d9c-7230-904a-99d8034263df,http://www.wikidata.org/entity/Q954027
http://hdl.handle.net/11459/CCR_C-3983_0ae7d6a6-cebc-a492-1b6f-fa1fa272ce0b,http://www.wikidata.org/entity/Q7553
http://hdl.handle.net/11459/CCR_C-4009_a0bff262-8ee6-4ec8-4d74-657b10411a72,http://www.wikidata.org/entity/Q857525
http://hdl.handle.net/11459/CCR_C-4045_ad9b7c18-a664-a1ae-f48b-c9c81ba3fead,http://www.wikidata.org/entity/Q6499736
http://hdl.handle.net/11459/CCR_C-4046_8dfee0e9-6ab8-814f-8b5f-6703cc3ab058,http://www.wikidata.org/entity/Q461183
http://hdl.handle.net/11459/CCR_C-4064_b2a283a9-cff5-d6ec-68e2-69e35c9adba5,http://www.wikidata.org/entity/Q113899068
http://hdl.handle.net/11459/CCR_C-4065_3adf4ee0-ffaf-4fd4-5252-6cf7a050f499,http://www.wikidata.org/entity/Q207714
http://hdl.handle.net/11459/CCR_C-4075_260e02a4-4e95-671f-b1af-e2db8fbf2a9e,http://www.wikidata.org/entity/Q187657
http://hdl.handle.net/11459/CCR_C-4080_adc3aa94-e615-f007-e538-71e832e3340c,http://www.wikidata.org/entity/Q1327461
http://hdl.handle.net/11459/CCR_C-4085_c4b5b45a-364e-1fc1-6321-5738ba4c2fa1,http://www.wikidata.org/entity/Q120970728
http://hdl.handle.net/11459/CCR_C-4098_b6d9fb6b-0e63-d24a-8fdf-13a439de5504,http://www.wikidata.org/entity/Q24575110
http://hdl.handle.net/11459/CCR_C-4100_b7df182a-c71a-6cd5-fb44-b8bbe5b626d3,http://www.wikidata.org/entity/Q1047050
http://hdl.handle.net/11459/CCR_C-4101_2e1b40d2-a663-849c-b49b-e4d5db94eb6f,http://www.wikidata.org/entity/Q3024326
http://hdl.handle.net/11459/CCR_C-4102_039733d9-0bf1-e2c9-13d9-72fe79851ee5,http://www.wikidata.org/entity/Q15284
http://hdl.handle.net/11459/CCR_C-4103_45bd5833-86fe-fd41-802c-c62e1e44cdd8,http://www.wikidata.org/entity/Q23003
http://hdl.handle.net/11459/CCR_C-4104_66ae5475-118f-d5fa-2510-3a84226b5133,http://www.wikidata.org/entity/Q34876
http://hdl.handle.net/11459/CCR_C-4107_34c4a1b8-a555-0a17-57b8-02c98b6fc1c0,http://www.wikidata.org/entity/Q208826
http://hdl.handle.net/11459/CCR_C-4114_747bf046-1208-940d-36ba-297e4de49e0c,http://www.wikidata.org/entity/Q115534925
http://hdl.handle.net/11459/CCR_C-4115_5da7f288-5384-5aaf-8d8e-fe4348165786,http://www.wikidata.org/entity/Q482980
http://hdl.handle.net/11459/CCR_C-4117_a9394913-fb2e-7d45-332e-3785f5556d83,http://www.wikidata.org/entity/Q109329603
http://hdl.handle.net/11459/CCR_C-4119_ad3a9349-db08-cefd-2c5e-0f311f3f0b54,http://www.wikidata.org/entity/Q33057
http://hdl.handle.net/11459/CCR_C-4122_78d216d5-6ad3-df51-214a-d19ac0616a2d,http://www.wikidata.org/entity/Q1238720
http://hdl.handle.net/11459/CCR_C-4125_02e96f0d-768c-09cc-d3d6-bb553727a1fa,http://www.wikidata.org/entity/Q644687
http://hdl.handle.net/11459/CCR_C-4139_b3e11add-584d-6ac8-3ac5-727c54b7ccf0,http://www.wikidata.org/entity/Q189279
http://hdl.handle.net/11459/CCR_C-4140_cd8e0e0a-2fe8-fe48-c2b3-f91412252be8,http://www.wikidata.org/entity/Q60797
http://hdl.handle.net/11459/CCR_C-4141_20924002-e15b-2888-8319-2a24671a3485,http://www.wikidata.org/entity/Q40953
http://hdl.handle.net/11459/CCR_C-4145_a4be4274-8943-d1d1-3573-b813da11493f,http://www.wikidata.org/entity/Q133492
http://hdl.handle.net/11459/CCR_C-4155_fa4eb85f-7b63-1544-7465-1ec05b44644f,http://www.wikidata.org/entity/Q2339337
http://hdl.handle.net/11459/CCR_C-4156_8db92c74-f44f-0c58-e17a-1793371fc988,http://www.wikidata.org/entity/Q1941737
http://hdl.handle.net/11459/CCR_C-4159_ca0e6cba-cab5-b51a-f430-fdcb0756c9ac,http://www.wikidata.org/entity/Q193424
http://hdl.handle.net/11459/CCR_C-4162_df86e662-fdf1-781e-9d7d-eb4ffcfc0ab3,http://www.wikidata.org/entity/Q100952920
http://hdl.handle.net/11459/CCR_C-4180_e221ffaa-d39d-5b03-bbe0-32ca1b551e94,http://www.wikidata.org/entity/Q9159523
http://hdl.handle.net/11459/CCR_C-4181_4547ac14-c9b1-dec9-671f-3455722c3902,http://www.wikidata.org/entity/Q190087
http://hdl.handle.net/11459/CCR_C-4184_a4613662-092a-842f-a254-e60d6ce34437,http://www.wikidata.org/entity/Q1413083
http://hdl.handle.net/11459/CCR_C-4186_d49ae139-84f8-e944-8e19-0cd444a6c309,http://www.wikidata.org/entity/Q2600211
http://hdl.handle.net/11459/CCR_C-4191_3726a8c1-e32b-1bd7-24eb-3bb906d24f3b,http://www.wikidata.org/entity/Q221446
http://hdl.handle.net/11459/CCR_C-4195_cfa61853-c8ef-252d-b87c-e02ae6149ea1,http://www.wikidata.org/entity/Q117209596
http://hdl.handle.net/11459/CCR_C-4203_4c5486a4-9200-9ebb-e301-80e8e01440c4,http://www.wikidata.org/entity/Q2339337
http://hdl.handle.net/11459/CCR_C-4233_a389c167-68c7-5ab9-00d4-9eae946c49ad,http://www.wikidata.org/entity/Q916292
http://hdl.handle.net/11459/CCR_C-4335_04a9bf2a-d7ab-ca04-08c4-d1ead6966280,http://www.wikidata.org/entity/Q205892
http://hdl.handle.net/11459/CCR_C-4339_13d06519-0dc6-a1b6-2276-27e9aba08554,http://www.wikidata.org/entity/P276
http://hdl.handle.net/11459/CCR_C-4341_7a305f8c-b3c8-8a7f-3318-3dafb53adf96,http://www.wikidata.org/entity/Q2996679
http://hdl.handle.net/11459/CCR_C-4342_d0e872d3-abac-c9f5-2ca2-c7d32b1fbb69,http://www.wikidata.org/entity/Q1749541
http://hdl.handle.net/11459/CCR_C-4346_9e43848e-c48d-37b0-b7a4-3cf59061fa2a,http://www.wikidata.org/entity/Q59164066
http://hdl.handle.net/11459/CCR_C-4349_d0a596be-f89f-f721-7bd7-5ae7227dfa18,http://www.wikidata.org/entity/Q886470
http://hdl.handle.net/11459/CCR_C-4350_ecd66e0c-ca53-f020-12cb-40e14517bfe9,http://www.wikidata.org/entity/Q13196750
http://hdl.handle.net/11459/CCR_C-4351_7a4c98c0-68a1-e58b-ca08-435c13e8787e,http://www.wikidata.org/entity/Q14565199
http://hdl.handle.net/11459/CCR_C-4353_2434fff7-1cd8-a9bc-1af3-65c1353fdc1b,http://www.wikidata.org/entity/Q25288
http://hdl.handle.net/11459/CCR_C-4360_b693329a-05ea-ebb3-02b1-896c95e39d32,http://www.wikidata.org/entity/Q8096
http://hdl.handle.net/11459/CCR_C-4361_ce00d14d-d3bb-5ec0-5d9d-46fa6f47b9fe,http://www.wikidata.org/entity/Q461183
http://hdl.handle.net/11459/CCR_C-4363_3732d8f1-f063-6f14-8c50-ac15e52702c5,http://www.wikidata.org/entity/Q8091
http://hdl.handle.net/11459/CCR_C-4364_de3c0847-5661-f5cb-84e7-fae5dfd2fb2f,http://www.wikidata.org/entity/Q125888335
http://hdl.handle.net/11459/CCR_C-4365_df3e68a4-e3fd-5747-fc25-650a06543c81,http://www.wikidata.org/entity/Q5421151
http://hdl.handle.net/11459/CCR_C-4367_c9696d87-7039-55d4-f661-2a96fac95f38,http://www.wikidata.org/entity/Q7705759
http://hdl.handle.net/11459/CCR_C-4368_324c1065-aa9d-8321-51e0-f4d04022b51d,http://www.wikidata.org/entity/Q545406
http://hdl.handle.net/11459/CCR_C-4370_7beadb0c-d546-0a46-bbe6-d7af4184fb20,http://www.wikidata.org/entity/Q1260524
http://hdl.handle.net/11459/CCR_C-4373_855312db-e0d6-b319-b65e-24819101d83d,http://www.wikidata.org/entity/Q24575110
http://hdl.handle.net/11459/CCR_C-4374_dcfb9f02-a210-2b80-a181-509d4315cadc,http://www.wikidata.org/entity/Q24575125
http://hdl.handle.net/11459/CCR_C-4375_67db972a-fc24-1e87-eae9-3a11f487633a,http://www.wikidata.org/entity/Q515
http://hdl.handle.net/11459/CCR_C-4377_6bfd9181-bebc-69b8-6cf7-6f4ae3416e72,http://www.wikidata.org/entity/Q457332
http://hdl.handle.net/11459/CCR_C-4378_61fa2c36-595d-d7a7-8404-d3a033f9d167,http://www.wikidata.org/entity/P2048
http://hdl.handle.net/11459/CCR_C-4389_45e9b9f7-854d-f628-9834-c92ea634d284,http://www.wikidata.org/entity/Q1224852
http://hdl.handle.net/11459/CCR_C-4399_680db205-85c0-0d9d-d874-ef98eb9e9496,http://www.wikidata.org/entity/Q233861
http://hdl.handle.net/11459/CCR_C-4404_3d84c2aa-76df-5716-8d32-9792dbf96f4f,http://www.wikidata.org/entity/Q41537118
http://hdl.handle.net/11459/CCR_C-4405_c1bf1173-452b-42ea-37e0-59b65cf6a055,http://www.wikidata.org/entity/Q7366
http://hdl.handle.net/11459/CCR_C-4422_e228c725-02ad-07ea-54d3-e41a3a78f144,http://www.wikidata.org/entity/Q1438035
http://hdl.handle.net/11459/CCR_C-4427_8cff6203-2878-e8d0-45f9-8e6134b775ad,http://www.wikidata.org/entity/Q83042
http://hdl.handle.net/11459/CCR_C-4428_10017d9a-0387-0a2b-1fbb-515a47bf1ed9,http://www.wikidata.org/entity/Q114049644
http://hdl.handle.net/11459/CCR_C-4431_3a0546c9-148e-111e-b8d1-87fe10e075a9,http://www.wikidata.org/entity/Q155207
http://hdl.handle.net/11459/CCR_C-4432_9eb41bbf-bbb2-2b89-6206-2068b893adf3,http://www.wikidata.org/entity/Q1521337
http://hdl.handle.net/11459/CCR_C-4435_45676341-6a56-9739-bdaf-e813cea9b4f6,http://www.wikidata.org/entity/Q818574
http://hdl.handle.net/11459/CCR_C-4436_bf56ef3d-afda-ed13-7cf1-7b81fcb87913,http://www.wikidata.org/entity/Q1778788
http://hdl.handle.net/11459/CCR_C-4439_8822b007-49c3-f553-d181-81fce79449a5,http://www.wikidata.org/entity/Q178651
http://hdl.handle.net/11459/CCR_C-4442_0c97f01b-fb0e-7698-22e9-6751abf19d8c,http://www.wikidata.org/entity/Q6165531
http://hdl.handle.net/11459/CCR_C-4443_609384f0-6920-a202-2b59-b88e0d4eede0,http://www.wikidata.org/entity/Q1475455
http://hdl.handle.net/11459/CCR_C-4452_bd382481-f327-b111-d468-29dc8d496e15,http://www.wikidata.org/entity/Q63375282
http://hdl.handle.net/11459/CCR_C-4454_8419c391-4dbb-e33f-b27d-cda128b9eabf,http://www.wikidata.org/entity/P356
http://hdl.handle.net/11459/CCR_C-4455_59a026b9-6c28-201c-5e11-ec06c266d288,http://www.wikidata.org/entity/Q3483606
http://hdl.handle.net/11459/CCR_C-4457_5b86a103-c840-4023-c4f6-37a1b9a0f959,http://www.wikidata.org/entity/Q903809
http://hdl.handle.net/11459/CCR_C-4460_47fd268f-9d73-68ce-ae48-e76b6ecda303,http://www.wikidata.org/entity/Q849737
http://hdl.handle.net/11459/CCR_C-4485_dff6ff79-dc5a-0700-1f29-58b070776340,http://www.wikidata.org/entity/Q10770146
http://hdl.handle.net/11459/CCR_C-4491_8489977f-275f-bd6d-66f5-0346d4acdb29,http://www.wikidata.org/entity/Q7925
http://hdl.handle.net/11459/CCR_C-4501_4669c35e-3815-a22d-a985-7c0bfb0a1a45,http://www.wikidata.org/entity/Q4317724
http://hdl.handle.net/11459/CCR_C-4505_330f2753-67ff-1f18-bf52-ad7b91296353,http://www.wikidata.org/entity/Q1371624
http://hdl.handle.net/11459/CCR_C-4506_3131b3a1-448e-b834-fc9e-1bb432394713,http://www.wikidata.org/entity/Q3968640
http://hdl.handle.net/11459/CCR_C-4507_f74e2a3d-8f08-e1cb-2554-129ece0e4081,http://www.wikidata.org/entity/Q42804
http://hdl.handle.net/11459/CCR_C-4508_b492bc83-fc56-54d2-f749-5217b928d616,http://www.wikidata.org/entity/Q10779529
http://hdl.handle.net/11459/CCR_C-4509_3dfda6fe-f82d-cd6e-1115-eabac6b69215,http://www.wikidata.org/entity/Q82594
http://hdl.handle.net/11459/CCR_C-4512_a2ab5adf-1695-3fc8-e233-a2f788730272,http://www.wikidata.org/entity/Q3968640
http://hdl.handle.net/11459/CCR_C-4513_a77cd4fc-1fbf-1481-f0b1-ee7b30b66207,http://www.wikidata.org/entity/Q37501
http://hdl.handle.net/11459/CCR_C-4514_8738ea08-8649-c7ee-3fd3-b807e144e6c1,http://www.wikidata.org/entity/Q2142903
http://hdl.handle.net/11459/CCR_C-4518_078e427b-30fa-9716-60af-826fcea14506,http://www.wikidata.org/entity/Q157943
http://hdl.handle.net/11459/CCR_C-4520_8247fa84-fbd1-97a5-2f69-cd7eba5f50b4,http://www.wikidata.org/entity/Q131308697
http://hdl.handle.net/11459/CCR_C-4522_3770b713-c515-7636-270f-3902c69a5bbb,http://www.wikidata.org/entity/Q18809854
http://hdl.handle.net/11459/CCR_C-4523_7d3391ea-9b40-2745-b8e5-971a9749cfa5,http://www.wikidata.org/entity/Q1282114
http://hdl.handle.net/11459/CCR_C-4524_846180c5-5f7a-2043-6e22-192b78706e32,http://www.wikidata.org/entity/Q24841721
http://hdl.handle.net/11459/CCR_C-4526_4f0fbf03-88c4-d0a0-6735-c96c4dfb0f74,http://www.wikidata.org/entity/Q11663
http://hdl.handle.net/11459/CCR_C-4532_afcac6b3-faaa-b9b4-7d2c-465bd3a58f8a,http://www.wikidata.org/entity/Q3302947
http://hdl.handle.net/11459/CCR_C-4533_69eac0ec-33d2-fd98-404c-1912605cfafb,http://www.wikidata.org/entity/Q2041172
http://hdl.handle.net/11459/CCR_C-4543_146e0d41-a5e6-9c80-4184-734e67ea5767,http://www.wikidata.org/entity/Q1799493
http://hdl.handle.net/11459/CCR_C-4545_206cda2f-2e8e-7628-280a-e727cb231676,http://www.wikidata.org/entity/Q244775
http://hdl.handle.net/11459/CCR_C-4546_cb6a51ef-538e-0064-7ed1-ee4e60d22b35,http://www.wikidata.org/entity/Q1363085
http://hdl.handle.net/11459/CCR_C-4547_6a54dc05-75e9-7c7b-b850-c78a318b4598,http://www.wikidata.org/entity/Q1436668
http://hdl.handle.net/11459/CCR_C-4553_05436ced-7ab8-4db7-f88a-665aef7e8027,http://www.wikidata.org/entity/Q812534
http://hdl.handle.net/11459/CCR_C-4557_1c6caf8b-7572-c7e5-2c0d-d3d06b23f2c6,http://www.wikidata.org/entity/Q104442051
http://hdl.handle.net/11459/CCR_C-4560_5f3189fa-6ce1-8b44-08a7-7ada00467e10,http://www.wikidata.org/entity/Q2725298
http://hdl.handle.net/11459/CCR_C-4565_16cf761a-70ee-5522-1044-1a2803113004,http://www.wikidata.org/entity/Q2545446
http://hdl.handle.net/11459/CCR_C-4568_b11054e3-3387-de69-675c-2388ebf0b8fa,http://www.wikidata.org/entity/Q43249
http://hdl.handle.net/11459/CCR_C-4569_baa52a2f-d485-b79a-9a23-a72d12f7f018,http://www.wikidata.org/entity/Q8188
http://hdl.handle.net/11459/CCR_C-4570_1a33c68b-62c1-70ed-3b00-97a76061b999,http://www.wikidata.org/entity/Q111352
http://hdl.handle.net/11459/CCR_C-4571_87faedcf-a20c-3343-89c8-ca57cb520cc7,http://www.wikidata.org/entity/Q187931
http://hdl.handle.net/11459/CCR_C-4583_923b537f-6520-c47a-7e42-1273220e5def,http://www.wikidata.org/entity/Q189210
http://hdl.handle.net/11459/CCR_C-4584_36aaeda9-1996-4fd1-c59b-d6168523b48a,http://www.wikidata.org/entity/Q193424
http://hdl.handle.net/11459/CCR_C-4587_0d14e357-7f0e-31f1-c80e-1b24cd76b5be,http://www.wikidata.org/entity/Q3244907
http://hdl.handle.net/11459/CCR_C-4589_6ac90302-5882-d46a-8631-548d0ab7361a,http://www.wikidata.org/entity/Q2487752
http://hdl.handle.net/11459/CCR_C-4590_8944142a-4c0d-ac0b-afde-67dc79a8c50f,http://www.wikidata.org/entity/Q9391534
http://hdl.handle.net/11459/CCR_C-4592_5811acf3-731b-f85f-ed70-c592d512de4d,http://www.wikidata.org/entity/Q1125472
http://hdl.handle.net/11459/CCR_C-4593_04b55285-440e-f85a-7cb3-03601e68280d,http://www.wikidata.org/entity/Q1671442
http://hdl.handle.net/11459/CCR_C-4595_5337866a-8138-5f33-2f8e-ab69790d38f4,http://www.wikidata.org/entity/Q4771118
http://hdl.handle.net/11459/CCR_C-4596_2bd79a14-dba8-5adf-284c-553264ffdd0d,http://www.wikidata.org/entity/Q733553
http://hdl.handle.net/11459/CCR_C-4597_a9d69eaf-5d6f-17a2-f107-9aaff21d137b,http://www.wikidata.org/entity/Q119565
http://hdl.handle.net/11459/CCR_C-4598_f4b6cd5a-89d1-a2b1-7119-1beb2fd83fba,http://www.wikidata.org/entity/Q690110
http://hdl.handle.net/11459/CCR_C-4599_2eee055a-fe8b-953a-52a9-c0ad8dae82d2,http://www.wikidata.org/entity/Q184748
http://hdl.handle.net/11459/CCR_C-4602_70bf1f19-241b-d60a-a336-0e7783ba3d6a,http://www.wikidata.org/entity/Q39531
http://hdl.handle.net/11459/CCR_C-4606_3033eb5f-6cad-16d3-7c80-e164039e545e,http://www.wikidata.org/entity/Q738621
http://hdl.handle.net/11459/CCR_C-4607_7edc8b7b-3b3e-6592-dd57-0dd23c85e8b1,http://www.wikidata.org/entity/Q46904
http://hdl.handle.net/11459/CCR_C-4608_12febff3-a8d9-ed42-275b-f95f0a5154bc,http://www.wikidata.org/entity/Q79686
http://hdl.handle.net/11459/CCR_C-4609_e721b223-f841-8182-81b4-aaf7fca5b546,http://www.wikidata.org/entity/Q943687
http://hdl.handle.net/11459/CCR_C-4613_7f7417ce-98c6-7940-26f5-c2207acacfcf,http://www.wikidata.org/entity/Q1673963
http://hdl.handle.net/11459/CCR_C-4637_fbf03539-1f83-7ede-0161-2be9aa30e119,http://www.wikidata.org/entity/Q484692
http://hdl.handle.net/11459/CCR_C-4643_1d86632b-7fa4-463e-8e2b-9ddca1abdbc7,http://www.wikidata.org/entity/Q83790
http://hdl.handle.net/11459/CCR_C-4667_dc340530-bd1b-2c37-0fc7-196517817944,http://www.wikidata.org/entity/Q34228
http://hdl.handle.net/11459/CCR_C-4668_517aa280-6765-b2c1-786d-5466f8408f8f,http://www.wikidata.org/entity/Q1322198
http://hdl.handle.net/11459/CCR_C-4671_38b2f74c-4edb-0f07-4296-b7ac4ab2856d,http://www.wikidata.org/entity/Q736748
http://hdl.handle.net/11459/CCR_C-4672_e8b65d8a-7901-16db-aa32-d49f5490d357,http://www.wikidata.org/entity/Q3915038
http://hdl.handle.net/11459/CCR_C-4673_e3598acb-ec58-189c-4b9b-e66010d3fa35,http://www.wikidata.org/entity/Q4388663
http://hdl.handle.net/11459/CCR_C-4677_424862ee-70e5-3bdc-82d0-0ddf23824de5,http://www.wikidata.org/entity/Q17020668
http://hdl.handle.net/11459/CCR_C-4678_159d14bf-f2c2-627a-a613-12cdd9ae167e,http://www.wikidata.org/entity/Q7102403
http://hdl.handle.net/11459/CCR_C-4679_a0efc3e6-402e-20e5-9566-36e0a44b441f,http://www.wikidata.org/entity/Q214090
http://hdl.handle.net/11459/CCR_C-4685_1d34dcd5-d6df-a49d-0def-0402ae1de2cf,http://www.wikidata.org/entity/Q6926370
http://hdl.handle.net/11459/CCR_C-4696_ab1d0c13-c9bc-4a78-cd04-2ee03139f7de,http://www.wikidata.org/entity/Q3329375
http://hdl.handle.net/11459/CCR_C-4702_a731f34a-1f0a-e744-c4e7-c975ad65a3e3,http://www.wikidata.org/entity/Q12133
http://hdl.handle.net/11459/CCR_C-471_46df838b-1f13-95e4-4ada-a77afd3d6333,http://www.wikidata.org/entity/Q31464082
http://hdl.handle.net/11459/CCR_C-4714_503922a7-5c7b-f85a-cf78-f77cefcd1c01,http://www.wikidata.org/entity/Q112872396
http://hdl.handle.net/11459/CCR_C-4719_5829229e-8ac2-1a31-1522-c41d1f87252f,http://www.wikidata.org/entity/Q160289
http://hdl.handle.net/11459/CCR_C-4720_6321d6a2-17df-fc40-90a5-2633a1176633,http://www.wikidata.org/entity/Q69946825
http://hdl.handle.net/11459/CCR_C-4721_ea322f7b-3318-43e9-2e77-54a15664cf7b,http://www.wikidata.org/entity/Q1539971
http://hdl.handle.net/11459/CCR_C-4723_76fbfc95-23bb-f968-2d8d-75de0c4d4b84,http://www.wikidata.org/entity/Q724965
http://hdl.handle.net/11459/CCR_C-4918_60206582-d08e-9960-1724-973b83c6dcc4,http://www.wikidata.org/entity/Q110786
http://hdl.handle.net/11459/CCR_C-4923_5ec30d7d-5adf-36c8-4622-2d644e7c55b0,http://www.wikidata.org/entity/Q577714
http://hdl.handle.net/11459/CCR_C-4924_1867b087-ed2e-1641-4948-6753bc5c439a,http://www.wikidata.org/entity/Q14169499
http://hdl.handle.net/11459/CCR_C-4925_fe8c3b92-8af1-70e2-2534-923b977ac4e8,http://www.wikidata.org/entity/Q1817208
http://hdl.handle.net/11459/CCR_C-4927_53697828-2de2-b72a-e39e-a7505381de8e,http://www.wikidata.org/entity/Q162378
http://hdl.handle.net/11459/CCR_C-4931_fd6999b5-9aba-cc1c-a586-09739b538d36,http://www.wikidata.org/entity/Q1775415
http://hdl.handle.net/11459/CCR_C-4932_98dfae04-f3f0-0242-d09d-5de1e5762b32,http://www.wikidata.org/entity/Q128234
http://hdl.handle.net/11459/CCR_C-4934_47f7507c-4606-bb34-0521-b7d50f911769,http://www.wikidata.org/entity/Q131105
http://hdl.handle.net/11459/CCR_C-4935_ce8e56aa-1fb0-e82b-a675-c2aa9f02e1ac,http://www.wikidata.org/entity/Q1233197
http://hdl.handle.net/11459/CCR_C-4938_8d013ba9-c95a-ec59-6cc9-ed61e2cff5f1,http://www.wikidata.org/entity/Q145599
http://hdl.handle.net/11459/CCR_C-4944_b517cd2c-49d6-8939-0c1c-39729785d33d,http://www.wikidata.org/entity/Q188078
http://hdl.handle.net/11459/CCR_C-4948_ed655357-4652-f480-1a1e-a2999b785608,http://www.wikidata.org/entity/Q34698
http://hdl.handle.net/11459/CCR_C-4951_3b095c38-b7d9-6903-267b-5ab6a7812459,http://www.wikidata.org/entity/Q36224
http://hdl.handle.net/11459/CCR_C-4953_3b535017-3e8a-4d99-0e6b-c561a5393de2,http://www.wikidata.org/entity/Q134316
http://hdl.handle.net/11459/CCR_C-4954_54d01aae-b754-1f07-c8ba-6bd1c0895d55,http://www.wikidata.org/entity/Q36484
http://hdl.handle.net/11459/CCR_C-4955_80fe4ee9-ea7e-527a-a860-b7956c95e1f8,http://www.wikidata.org/entity/Q380057
http://hdl.handle.net/11459/CCR_C-4958_bc9f802c-787a-4bbe-f829-8b423bd1e279,http://www.wikidata.org/entity/Q2166170
http://hdl.handle.net/11459/CCR_C-4961_57674d9b-4a0e-19a1-55ec-65007547145d,http://www.wikidata.org/entity/Q179230
http://hdl.handle.net/11459/CCR_C-4962_673a01b8-1f75-eb1a-f62b-73050412de72,http://www.wikidata.org/entity/Q10345583
http://hdl.handle.net/11459/CCR_C-4963_4c9f21be-dd57-81d4-f57f-f77c593bbc03,http://www.wikidata.org/entity/Q12717679
http://hdl.handle.net/11459/CCR_C-4966_7a720367-df40-f728-e11d-7504a03ec27b,http://www.wikidata.org/entity/Q192630
http://hdl.handle.net/11459/CCR_C-4970_2c4ea867-e4c9-2d91-d584-1177ffbfd48c,http://www.wikidata.org/entity/Q83034
http://hdl.handle.net/11459/CCR_C-4972_3c42487e-d131-661b-2511-b7b211923416,http://www.wikidata.org/entity/Q82622
http://hdl.handle.net/11459/CCR_C-4978_a69b24e2-9ecc-6c7d-bfc1-96f8ba0e1917,http://www.wikidata.org/entity/Q36224
http://hdl.handle.net/11459/CCR_C-4987_6ebb2945-a947-2f79-4183-1d708b8eb003,http://www.wikidata.org/entity/Q2105891
http://hdl.handle.net/11459/CCR_C-4989_28673174-122b-2bab-340e-d77c6ae4ea3c,http://www.wikidata.org/entity/Q12021746
http://hdl.handle.net/11459/CCR_C-4992_205e8a19-8278-61e1-5c80-6567eca3cb84,http://www.wikidata.org/entity/Q282301
http://hdl.handle.net/11459/CCR_C-5024_075ac17f-d218-8298-c99e-86d0490ae1a4,http://www.wikidata.org/entity/Q29882054
http://hdl.handle.net/11459/CCR_C-5040_69dea974-61a9-00c1-cbf8-c714cdee6918,http://www.wikidata.org/entity/Q482980
http://hdl.handle.net/11459/CCR_C-5042_226e1c92-9f09-ae93-0875-c4fe8814b3b8,http://www.wikidata.org/entity/Q215627
http://hdl.handle.net/11459/CCR_C-5044_d5fa7f04-2a1c-46f0-269c-6950942165ab,http://www.wikidata.org/entity/Q3201279
http://hdl.handle.net/11459/CCR_C-5120_ec07a165-3747-0bb2-7709-8dcfa541e22f,http://www.wikidata.org/entity/Q21821348
http://hdl.handle.net/11459/CCR_C-5121_79e664d5-ee01-1ff8-bb51-ef81e8bc8e11,http://www.wikidata.org/entity/Q1322263
http://hdl.handle.net/11459/CCR_C-5122_2ef8316e-bcfe-ded8-5f05-0c95d8667d30,http://www.wikidata.org/entity/Q21160456
http://hdl.handle.net/11459/CCR_C-5123_c59fad9e-85ea-f3f1-06d6-f20bf9608b34,http://www.wikidata.org/entity/Q233861
http://hdl.handle.net/11459/CCR_C-5124_d8ee7cec-fc12-5589-e4a0-b22a74cda196,http://www.wikidata.org/entity/Q179465
http://hdl.handle.net/11459/CCR_C-513_bca39b9a-8512-a756-4c07-e18d68cc4a78,http://www.wikidata.org/entity/Q130989
http://hdl.handle.net/11459/CCR_C-5131_d00bbcd5-16a6-9341-eb3f-f6836d5bc0ed,http://www.wikidata.org/entity/Q191609
http://hdl.handle.net/11459/CCR_C-5134_e66f1327-ac29-1e0f-f6e5-7503828305bb,http://www.wikidata.org/entity/Q170412
http://hdl.handle.net/11459/CCR_C-5138_f13da5b3-d1c8-bd38-334c-973feb449d5a,http://www.wikidata.org/entity/Q3264652
http://hdl.handle.net/11459/CCR_C-5142_232d4537-4437-1b8a-65a3-9a29cb5f0a79,http://www.wikidata.org/entity/Q1198578
http://hdl.handle.net/11459/CCR_C-5145_ba6b5b45-3272-8b4b-edb1-798a0dccd55c,http://www.wikidata.org/entity/Q682626
http://hdl.handle.net/11459/CCR_C-5148_9dde6058-abf3-8803-bc92-0679d0d296cf,http://www.wikidata.org/entity/Q111352
http://hdl.handle.net/11459/CCR_C-5151_0cbd0a1b-24d9-ecd7-3808-c398afddb4b8,http://www.wikidata.org/entity/Q207714
http://hdl.handle.net/11459/CCR_C-5162_16a71a2c-8d66-0b59-89ef-5e97adf739d5,http://www.wikidata.org/entity/Q34678
http://hdl.handle.net/11459/CCR_C-5170_ed855189-9d5f-8f31-cc70-499c055d0100,http://www.wikidata.org/entity/Q2029841
http://hdl.handle.net/11459/CCR_C-5171_4e667d92-95d9-a9c2-2cfd-584e07ec7ba3,http://www.wikidata.org/entity/P276
http://hdl.handle.net/11459/CCR_C-5175_07aea94a-d61d-e547-de80-07d77245cd04,http://www.wikidata.org/entity/Q131276
http://hdl.handle.net/11459/CCR_C-5178_36271765-7197-42fe-807c-ee32e8be8819,http://www.wikidata.org/entity/Q2668072
http://hdl.handle.net/11459/CCR_C-5184_8b549cb2-b356-64c1-cd39-ebd6e81070c0,http://www.wikidata.org/entity/Q853614
http://hdl.handle.net/11459/CCR_C-5191_edeaf1c0-dd17-1347-413d-966bf8525a13,http://www.wikidata.org/entity/Q10715094
http://hdl.handle.net/11459/CCR_C-5218_b4197565-13cd-dc44-ee62-8881e2df1fdd,http://www.wikidata.org/entity/P577
http://hdl.handle.net/11459/CCR_C-5225_10cc6de7-3149-d516-8e11-82b763507f1b,http://www.wikidata.org/entity/P123
http://hdl.handle.net/11459/CCR_C-5227_7b4def3f-3e4b-5fc2-908a-67dfbb10bfe2,http://www.wikidata.org/entity/Q18185
http://hdl.handle.net/11459/CCR_C-5230_cd724425-05ea-fbac-27d0-7d9b63259d3a,http://www.wikidata.org/entity/Q66363776
http://hdl.handle.net/11459/CCR_C-5253_3ab4ec91-be6b-5cba-6882-7346d7053ed8,http://www.wikidata.org/entity/Q38073102
http://hdl.handle.net/11459/CCR_C-5254_278735a8-d13a-1743-afea-04a3b95003bc,http://www.wikidata.org/entity/Q578
http://hdl.handle.net/11459/CCR_C-5255_c793e955-c6d7-b4be-39b0-2f434499edf1,http://www.wikidata.org/entity/Q177220
http://hdl.handle.net/11459/CCR_C-5257_6572a4ea-cc70-c721-bbd8-2f6c28cc71a1,http://www.wikidata.org/entity/Q110064475
http://hdl.handle.net/11459/CCR_C-5258_c9a21fcc-1d38-8f23-ef0d-6e342209ea89,http://www.wikidata.org/entity/Q372474
http://hdl.handle.net/11459/CCR_C-5262_0f597fc8-f18f-0bf2-5e0a-4be05ca97c37,http://www.wikidata.org/entity/P123
http://hdl.handle.net/11459/CCR_C-5263_b63ccb5c-e816-38dc-110a-cb8cd882c816,http://www.wikidata.org/entity/Q175151
http://hdl.handle.net/11459/CCR_C-5266_a04d43f1-87f9-bf44-4d41-a39dfad2621a,http://www.wikidata.org/entity/Q830012
http://hdl.handle.net/11459/CCR_C-5270_fb6d76ec-f774-acba-67b7-c5b7fdafeda3,http://www.wikidata.org/entity/Q131288
http://hdl.handle.net/11459/CCR_C-5278_241aa5b9-8c3a-5a49-d977-f1df1b0d7c5f,http://www.wikidata.org/entity/Q262501
http://hdl.handle.net/11459/CCR_C-5298_47f25896-9347-c87e-f906-5f7415a1af89,http://www.wikidata.org/entity/Q166142
http://hdl.handle.net/11459/CCR_C-5299_ecc21f39-847d-c2cc-6ce9-84061b7815a7,http://www.wikidata.org/entity/Q853614
http://hdl.handle.net/11459/CCR_C-5300_4109a690-6eb2-c247-22e2-63567781a20e,http://www.wikidata.org/entity/Q114469879
http://hdl.handle.net/11459/CCR_C-5302_8dfad601-5387-7317-57d1-1f0e65b75af2,http://www.wikidata.org/entity/P7228
http://hdl.handle.net/11459/CCR_C-5313_211d6935-b039-63cd-570b-404ac23f24df,http://www.wikidata.org/entity/Q5962346
http://hdl.handle.net/11459/CCR_C-5314_4e14064c-55a3-f609-3f0c-051f80e65599,http://www.wikidata.org/entity/Q1150070
http://hdl.handle.net/11459/CCR_C-5332_4ec29a98-77b9-852f-67a4-1d4d3c225067,http://www.wikidata.org/entity/Q60614978
http://hdl.handle.net/11459/CCR_C-5333_9a321546-abde-933c-64ee-2da43ba734a3,http://www.wikidata.org/entity/Q3331189
http://hdl.handle.net/11459/CCR_C-5334_6f64e4d6-7b42-4152-c0c6-5b014f25308c,http://www.wikidata.org/entity/Q117090383
http://hdl.handle.net/11459/CCR_C-5337_dcc36580-999f-8d14-9d17-4d6d9ed7f342,http://www.wikidata.org/entity/Q389408
http://hdl.handle.net/11459/CCR_C-5339_9632ff8d-1abc-bc9a-dd61-867598a01d8f,http://www.wikidata.org/entity/Q5509032
http://hdl.handle.net/11459/CCR_C-5343_024e3870-9400-ac91-4a42-1f61561b1b2d,http://www.wikidata.org/entity/Q1922471
http://hdl.handle.net/11459/CCR_C-5347_979cbc12-e1ae-a12d-514a-345653e0b719,http://www.wikidata.org/entity/Q11994045
http://hdl.handle.net/11459/CCR_C-5353_4d1e6d19-15c0-0959-0b13-d9a57cd6cc86,http://www.wikidata.org/entity/Q853614
http://hdl.handle.net/11459/CCR_C-5356_d4d861f6-e302-9b13-5ab5-f8ba171cc258,http://www.wikidata.org/entity/Q4919820
http://hdl.handle.net/11459/CCR_C-5357_a0e5136b-c741-d7a7-960a-593346bf8d11,http://www.wikidata.org/entity/Q1469824
http://hdl.handle.net/11459/CCR_C-5358_3cd089fe-ad03-6181-b20c-635ea41ed818,http://www.wikidata.org/entity/Q34770
http://hdl.handle.net/11459/CCR_C-5359_e1a8cf59-1acf-a120-c576-53616acf063a,http://www.wikidata.org/entity/Q2092812
http://hdl.handle.net/11459/CCR_C-5362_8cffd964-f57e-09ed-daed-eeabbf2d22c0,http://www.wikidata.org/entity/Q79719
http://hdl.handle.net/11459/CCR_C-5363_f97d09bf-e659-0d67-ae6f-74f417fb77e6,http://www.wikidata.org/entity/Q873636
http://hdl.handle.net/11459/CCR_C-5364_92cf9a34-fbd8-7288-0da0-970be9e240b3,http://www.wikidata.org/entity/Q82799
http://hdl.handle.net/11459/CCR_C-5390_a7db72ce-70e5-7ee5-0e82-a4edc64af16e,http://www.wikidata.org/entity/Q1756348
http://hdl.handle.net/11459/CCR_C-5411_46cafad1-c922-53c9-e801-4cca780bb4b1,http://www.wikidata.org/entity/Q1948408
http://hdl.handle.net/11459/CCR_C-5413_c864609d-6804-1515-d256-d34be2416372,http://www.wikidata.org/entity/P144
http://hdl.handle.net/11459/CCR_C-5414_55fd7a9e-edae-d8ad-a64f-c8e1058e7a6d,http://www.wikidata.org/entity/P859
http://hdl.handle.net/11459/CCR_C-5427_29063663-5799-3588-bb4f-e852c37e6c97,http://www.wikidata.org/entity/Q102190569
http://hdl.handle.net/11459/CCR_C-5428_65670fd6-3426-68ac-8f29-faef6ffd02ce,http://www.wikidata.org/entity/Q60558001
http://hdl.handle.net/11459/CCR_C-5435_155a7fae-a941-e6a8-4b63-4f6d1bd0c2aa,http://www.wikidata.org/entity/Q1144928
http://hdl.handle.net/11459/CCR_C-5436_6ab57c2c-5f8d-3561-6db6-d75da23d2637,http://www.wikidata.org/entity/Q658349
http://hdl.handle.net/11459/CCR_C-5446_9ea1ba83-090b-451e-3ee7-6a81ecaf07ac,http://www.wikidata.org/entity/Q1415187
http://hdl.handle.net/11459/CCR_C-5447_84ab1cc3-c878-54fa-dab0-51b459b8f2c1,http://www.wikidata.org/entity/Q170212
http://hdl.handle.net/11459/CCR_C-5452_61948224-3479-7414-28b4-dd886be68320,http://www.wikidata.org/entity/Q125953445
http://hdl.handle.net/11459/CCR_C-5462_6adebc97-c33b-7c9d-b0f3-a8b8ded5fdbd,http://www.wikidata.org/entity/Q6256
http://hdl.handle.net/11459/CCR_C-5470_264bbec8-0f10-7126-2925-23fe2594b0da,http://www.wikidata.org/entity/P276
http://hdl.handle.net/11459/CCR_C-5486_795b95d5-bebc-eaf3-c264-cf4a369f34d6,http://www.wikidata.org/entity/Q8236
http://hdl.handle.net/11459/CCR_C-5505_684adcc1-a842-b03d-2c89-584437731a3e,http://www.wikidata.org/entity/Q115792429
http://hdl.handle.net/11459/CCR_C-5509_49d08a21-ac57-b4a0-b951-9e973f2048ff,http://www.wikidata.org/entity/Q278059
http://hdl.handle.net/11459/CCR_C-5510_bbf82aa8-440f-f9aa-414d-cf0327bd06bb,http://www.wikidata.org/entity/Q311989
http://hdl.handle.net/11459/CCR_C-5511_72024d49-98cd-c8c8-4230-3e9a9be7a03e,http://www.wikidata.org/entity/Q13043846
http://hdl.handle.net/11459/CCR_C-5512_85d9121b-8109-2a32-4300-601190455645,http://www.wikidata.org/entity/Q28205722
http://hdl.handle.net/11459/CCR_C-5513_1137e774-26b5-2a51-9972-212bd7f21a1f,http://www.wikidata.org/entity/Q24839051
http://hdl.handle.net/11459/CCR_C-5515_cf1bf659-38aa-fdec-0b5b-95448672aeb6,http://www.wikidata.org/entity/Q2869
http://hdl.handle.net/11459/CCR_C-5520_d7d87a12-7b39-0364-795b-69347ede7de7,http://www.wikidata.org/entity/Q202444
http://hdl.handle.net/11459/CCR_C-5521_8f30e11f-1bff-420e-511b-2b5893bdc37c,http://www.wikidata.org/entity/Q101352
http://hdl.handle.net/11459/CCR_C-5543_8dceaef3-1489-ed9a-3bab-9459ed8ac96c,http://www.wikidata.org/entity/Q18658526
http://hdl.handle.net/11459/CCR_C-5547_856b5d69-84dd-ce72-7f88-043bb51f749a,http://www.wikidata.org/entity/Q29882054
http://hdl.handle.net/11459/CCR_C-5557_af316698-4657-30f3-29c0-3bfc7d3eb21a,http://www.wikidata.org/entity/Q107478770
http://hdl.handle.net/11459/CCR_C-5563_eef43aee-6ca8-5ba2-2e21-c3d0344bb3e9,http://www.wikidata.org/entity/Q2221906
http://hdl.handle.net/11459/CCR_C-5580_03e458f2-f873-8645-76eb-40e001b6c1ac,http://www.wikidata.org/entity/Q7884789
http://hdl.handle.net/11459/CCR_C-5582_0d7dc9e3-e288-56f8-2d9e-c91ae59f436f,http://www.wikidata.org/entity/Q34027
http://hdl.handle.net/11459/CCR_C-5583_8be52a01-2494-9656-bfef-39e7f748d104,http://www.wikidata.org/entity/Q36477
http://hdl.handle.net/11459/CCR_C-5584_0204e042-4aed-b069-3207-8a3383ea016a,http://www.wikidata.org/entity/Q27916659
http://hdl.handle.net/11459/CCR_C-5592_3e045756-ce3f-1a2a-61fa-7936a2c43fc5,http://www.wikidata.org/entity/Q13475484
http://hdl.handle.net/11459/CCR_C-5614_8dff2714-87f1-b8df-6a80-b9892898150d,http://www.wikidata.org/entity/Q2092198
http://hdl.handle.net/11459/CCR_C-5616_c39f4629-3f14-8ceb-f613-0610d30a5ff0,http://www.wikidata.org/entity/P6570
http://hdl.handle.net/11459/CCR_C-5617_816886fc-aad5-9d7f-dc0d-c4de75878994,http://www.wikidata.org/entity/Q332438
http://hdl.handle.net/11459/CCR_C-5618_781c0269-d942-e633-13a0-a8da5771c637,http://www.wikidata.org/entity/Q5374249
http://hdl.handle.net/11459/CCR_C-5644_ea415329-2992-eac9-d6ac-e029ed5387c3,http://www.wikidata.org/entity/Q614112
http://hdl.handle.net/11459/CCR_C-5652_819c3336-b9cb-edb4-ca86-20faa8645826,http://www.wikidata.org/entity/Q43249
http://hdl.handle.net/11459/CCR_C-5660_fd969968-40b8-5fa1-c08d-7de524996ba0,http://www.wikidata.org/entity/Q82042
http://hdl.handle.net/11459/CCR_C-5665_b2cc524e-c126-49d2-1b28-6b6d695fbc8f,http://www.wikidata.org/entity/Q183046
http://hdl.handle.net/11459/CCR_C-5668_e4bd514d-f803-f15d-0e1b-a7a09e460786,http://www.wikidata.org/entity/Q206287
http://hdl.handle.net/11459/CCR_C-5679_c1db52a3-06c5-1e48-edec-6866acef3539,http://www.wikidata.org/entity/Q1141160
http://hdl.handle.net/11459/CCR_C-5681_27cc64fa-5ca4-b61e-c5a0-a508d661fc28,http://www.wikidata.org/entity/Q15846545
http://hdl.handle.net/11459/CCR_C-5682_bff9e53f-17c7-d29d-8826-6a3b4f94a512,http://www.wikidata.org/entity/Q775593
http://hdl.handle.net/11459/CCR_C-5683_525f2d1e-59a2-fe57-6083-8da2201b728e,http://www.wikidata.org/entity/Q10779529
http://hdl.handle.net/11459/CCR_C-5690_b81f5894-575b-8963-da26-58076a7f31eb,http://www.wikidata.org/entity/Q4897819
http://hdl.handle.net/11459/CCR_C-5700_f03994a2-67b1-23e8-469c-bb73e00a072b,http://www.wikidata.org/entity/Q1224852
http://hdl.handle.net/11459/CCR_C-5739_5a1910bf-f70c-e214-5888-275d52148600,http://www.wikidata.org/entity/Q5691657
http://hdl.handle.net/11459/CCR_C-5744_7d34a745-29d0-fe5c-ffc0-13c18c21fdcd,http://www.wikidata.org/entity/Q1135389
http://hdl.handle.net/11459/CCR_C-5761_0bcac832-2a68-52e3-2a0f-d158cbe8d960,http://www.wikidata.org/entity/Q573
http://hdl.handle.net/11459/CCR_C-5762_3e1b13e8-8247-513f-35a6-241839a1198b,http://www.wikidata.org/entity/Q577
http://hdl.handle.net/11459/CCR_C-5767_0e84c8a7-62c1-244a-12b2-f58b58fa28d1,http://www.wikidata.org/entity/Q357760
http://hdl.handle.net/11459/CCR_C-5774_1b974a7d-8f1f-15b6-02d3-8351e0127dee,http://www.wikidata.org/entity/Q38073102
http://hdl.handle.net/11459/CCR_C-5776_ed733b40-67dc-099e-6a96-cb56634109e4,http://www.wikidata.org/entity/Q147276
http://hdl.handle.net/11459/CCR_C-5801_ca384d09-a0ac-73f0-bdd7-e2fe5e7b1841,http://www.wikidata.org/entity/Q1775415
http://hdl.handle.net/11459/CCR_C-5889_93d38c37-dcd6-7882-c4d3-e114470764d2,http://www.wikidata.org/entity/Q184511
http://hdl.handle.net/11459/CCR_C-5909_51dc90e4-ef3a-b595-b6bc-1e60eaa40364,http://www.wikidata.org/entity/Q30515
http://hdl.handle.net/11459/CCR_C-5923_16274d7b-5a45-d958-d219-71438c81304c,http://www.wikidata.org/entity/Q1121559
http://hdl.handle.net/11459/CCR_C-5928_6fde446c-4f9b-94e9-5310-f1448045aea5,http://www.wikidata.org/entity/Q7307361
http://hdl.handle.net/11459/CCR_C-5933_a1ec4024-05d6-c3b2-ae76-5abc36470d73,http://www.wikidata.org/entity/Q545779
http://hdl.handle.net/11459/CCR_C-5984_71dcbd53-effa-c78c-dc92-46855034d823,http://www.wikidata.org/entity/Q2992210
http://hdl.handle.net/11459/CCR_C-5991_1935da37-733b-6728-6a53-47892ccc8c63,http://www.wikidata.org/entity/Q8205328
http://hdl.handle.net/11459/CCR_C-6005_552bfc06-0acd-a0cd-9cb9-5fcb7dedb323,http://www.wikidata.org/entity/Q776754
http://hdl.handle.net/11459/CCR_C-6010_02466858-043f-4266-e10e-aa42964b58cd,http://www.wikidata.org/entity/Q122367949
http://hdl.handle.net/11459/CCR_C-6025_f3a1641a-b408-b562-e31e-e71a51d8bfbf,http://www.wikidata.org/entity/Q138246
http://hdl.handle.net/11459/CCR_C-6026_bb5fe286-4b25-5af3-5575-19751f116335,http://www.wikidata.org/entity/Q107063735
http://hdl.handle.net/11459/CCR_C-6036_51c5b403-8672-e289-8f3f-8123a7e76a3c,http://www.wikidata.org/entity/Q1502787
http://hdl.handle.net/11459/CCR_C-6041_693f15e8-d1f1-5056-f243-f64afbf9f450,http://www.wikidata.org/entity/Q191081
http://hdl.handle.net/11459/CCR_C-6062_7bbbf5ca-6718-7781-7bb9-41bf6e617495,http://www.wikidata.org/entity/Q190539
http://hdl.handle.net/11459/CCR_C-6063_f03abcad-b949-7eda-763d-f9c277b7db46,http://www.wikidata.org/entity/Q5281757
http://hdl.handle.net/11459/CCR_C-6065_2a74fadc-c2e0-261b-62c7-fa6fbed01282,http://www.wikidata.org/entity/Q25481968
http://hdl.handle.net/11459/CCR_C-6066_e030cc5f-5bcd-d9f4-e60c-eea270ea5e91,http://www.wikidata.org/entity/Q175049
http://hdl.handle.net/11459/CCR_C-6067_c54489e2-97f2-ec31-4016-4ab0068e02c5,http://www.wikidata.org/entity/Q175086
http://hdl.handle.net/11459/CCR_C-6070_db0e592f-43ab-d87f-c3cb-b7ae611c745f,http://www.wikidata.org/entity/Q617473
http://hdl.handle.net/11459/CCR_C-6110_559d9db8-7db8-bc23-0dc2-7f26f4fcf841,http://www.wikidata.org/entity/Q1656682
http://hdl.handle.net/11459/CCR_C-6119_ea4226b5-8d55-e71e-730f-2a02e3adbeb4,http://www.wikidata.org/entity/Q783521
http://hdl.handle.net/11459/CCR_C-6120_53844650-23f1-c0ea-1793-efaf7252bb83,http://www.wikidata.org/entity/Q56752440
http://hdl.handle.net/11459/CCR_C-6121_23c49453-1e35-dee1-6841-34ca32346343,http://www.wikidata.org/entity/Q56752440
http://hdl.handle.net/11459/CCR_C-6125_309c37cf-eb65-9fb4-87e6-dc7ee1f9c6c8,http://www.wikidata.org/entity/Q11563
http://hdl.handle.net/11459/CCR_C-6128_66f0c4be-2005-fdd9-8b08-d7a849c55f53,http://www.wikidata.org/entity/Q59156842
http://hdl.handle.net/11459/CCR_C-6131_90eaaab4-8986-42ae-3fc6-0e72e17df0f6,http://www.wikidata.org/entity/Q66018880
http://hdl.handle.net/11459/CCR_C-6132_d287635d-07dc-e2c4-6261-5e4f9a0cf693,http://www.wikidata.org/entity/P98
http://hdl.handle.net/11459/CCR_C-6137_4cd6c000-df42-abd8-49b3-ecd8d9d3546a,http://www.wikidata.org/entity/Q59156842
http://hdl.handle.net/11459/CCR_C-6139_ab15a7eb-7032-d4f0-643e-bffe5ad09fc3,http://www.wikidata.org/entity/Q1200750
http://hdl.handle.net/11459/CCR_C-6140_d3765f2a-1760-3008-3288-f1b823d0a322,http://www.wikidata.org/entity/Q102014
http://hdl.handle.net/11459/CCR_C-6141_96f22004-72af-790e-0002-0683867a9785,http://www.wikidata.org/entity/Q121769
http://hdl.handle.net/11459/CCR_C-6143_b06c8570-5568-8433-30c8-4eb6184b58ac,http://www.wikidata.org/entity/Q7243109
http://hdl.handle.net/11459/CCR_C-6146_2fade79f-5663-dc8f-7284-cccee88e68f9,http://www.wikidata.org/entity/Q34770
http://hdl.handle.net/11459/CCR_C-6147_ebed915e-f911-f128-cddc-466aa41c9c73,http://www.wikidata.org/entity/P9488
http://hdl.handle.net/11459/CCR_C-6149_dec742b0-0358-e443-ad90-097ce9bd7fd1,http://www.wikidata.org/entity/Q52948
http://hdl.handle.net/11459/CCR_C-6150_11654b2e-5746-144d-bba2-ef47175eff1b,http://www.wikidata.org/entity/Q19045344
http://hdl.handle.net/11459/CCR_C-6151_418da06f-1629-164c-9ef1-ed40674f2dff,http://www.wikidata.org/entity/Q231823
http://hdl.handle.net/11459/CCR_C-6152_ba0caa95-c669-cdde-c08d-25ce5879f109,http://www.wikidata.org/entity/P710
http://hdl.handle.net/11459/CCR_C-6153_ea7fe0c6-2052-37b6-b61d-d443e6a0c63e,http://www.wikidata.org/entity/P710
http://hdl.handle.net/11459/CCR_C-6154_fefc8824-2677-7719-58ac-79773318d208,http://www.wikidata.org/entity/Q1322263
http://hdl.handle.net/11459/CCR_C-6158_6b459e49-c4b5-1b04-84d0-374ee1039610,http://www.wikidata.org/entity/Q1361759
http://hdl.handle.net/11459/CCR_C-6160_b5da7fc8-942a-9350-9ca2-95b1212f0d2e,http://www.wikidata.org/entity/Q12139612
http://hdl.handle.net/11459/CCR_C-6161_7bdf4fc4-d8ce-41ca-594f-af8d773e6bb1,http://www.wikidata.org/entity/Q1309508
http://hdl.handle.net/11459/CCR_C-6184_5f26086f-2fdc-2ecd-4ef5-4bdddcccbbcf,http://www.wikidata.org/entity/Q106908980
http://hdl.handle.net/11459/CCR_C-6189_b07fc83c-84fb-cf28-5553-219bea3babc2,http://www.wikidata.org/entity/Q3511132
http://hdl.handle.net/11459/CCR_C-6207_d31e0c5d-7955-3b75-f62d-b2877bef7ce1,http://www.wikidata.org/entity/Q319608
http://hdl.handle.net/11459/CCR_C-6210_e5d5b772-8c87-e9e1-e320-e85282752f31,http://www.wikidata.org/entity/Q37447
http://hdl.handle.net/11459/CCR_C-6214_4460b492-b4e0-61ac-9045-43f2ed5ec4a8,http://www.wikidata.org/entity/Q108296843
http://hdl.handle.net/11459/CCR_C-6255_bbbfe10d-83d1-185c-ec65-3e8ed033af02,http://www.wikidata.org/entity/Q98929991
http://hdl.handle.net/11459/CCR_C-6266_8a69d58b-e6a0-cf4e-934d-cbb1ac4417ac,http://www.wikidata.org/entity/Q211198
http://hdl.handle.net/11459/CCR_C-6281_e25d031b-84f7-820e-1850-e97d0e47ce40,http://www.wikidata.org/entity/Q136822
http://hdl.handle.net/11459/CCR_C-6299_fa055a1f-2034-8caf-7158-6b4ad1d2d867,http://www.wikidata.org/entity/Q1423674
http://hdl.handle.net/11459/CCR_C-63_95ec8724-267a-8689-a04d-50ae515bbacf,http://www.wikidata.org/entity/P2699
http://hdl.handle.net/11459/CCR_C-6312_c69b1360-132f-1d3b-5bfa-4c93ebf05016,http://www.wikidata.org/entity/Q924130
http://hdl.handle.net/11459/CCR_C-6313_070b6de6-dc0b-d635-5c28-e9fecca36ab8,http://www.wikidata.org/entity/Q36870
http://hdl.handle.net/11459/CCR_C-6388_0de2cca4-68e2-c383-e2cb-065fa2292261,http://www.wikidata.org/entity/Q82799
http://hdl.handle.net/11459/CCR_C-6422_522b3cae-638b-61f1-0bfb-c0e7a40a16a4,http://www.wikidata.org/entity/Q178022
http://hdl.handle.net/11459/CCR_C-6469_7aa18f84-e2c0-78ae-66af-d02b48e943ec,http://www.wikidata.org/entity/Q28640
http://hdl.handle.net/11459/CCR_C-6492_9d5f20aa-e6bd-c141-15df-ffdae159e5e1,http://www.wikidata.org/entity/Q117209596
http://hdl.handle.net/11459/CCR_C-6493_e10ad1ee-82ac-c03f-a582-b14d5787576b,http://www.wikidata.org/entity/Q117209595
http://hdl.handle.net/11459/CCR_C-6504_44b5f83a-de15-6b67-357c-ebfe665bd910,http://www.wikidata.org/entity/Q28640
http://hdl.handle.net/11459/CCR_C-6581_33dbad8f-aa65-fa24-f594-c9f7eea584d3,http://www.wikidata.org/entity/Q2857578
http://hdl.handle.net/11459/CCR_C-6700_04bd545c-59bd-f3e1-fbd8-0cf3646929a2,http://www.wikidata.org/entity/Q65769315
http://hdl.handle.net/11459/CCR_C-6791_3489a1fc-6cc8-c50b-7036-73031a7def5e,http://www.wikidata.org/entity/P136
http://hdl.handle.net/11459/CCR_C-6794_bdba0a83-f392-b7b5-8a82-e88cca0ca87d,http://www.wikidata.org/entity/Q21160456
http://hdl.handle.net/11459/CCR_C-6800_b7713df3-c77f-4466-c222-9935512d9796,http://www.wikidata.org/entity/Q1965486
http://hdl.handle.net/11459/CCR_C-6810_452ea1aa-9d87-747a-eb87-6d9a4b1d6472,http://www.wikidata.org/entity/Q4691924
http://hdl.handle.net/11459/CCR_C-6832_3f1d39bf-ed03-4f05-6b6c-f28cc0e268ed,http://www.wikidata.org/entity/P195
http://hdl.handle.net/11459/CCR_C-6833_9440b43b-e77d-f98b-fddb-cab61f18f0ed,http://www.wikidata.org/entity/Q20204892
http://hdl.handle.net/11459/CCR_C-6836_d35e73a8-ec72-d3c4-e39a-4b0fefd32cdc,http://www.wikidata.org/entity/Q2500638
http://hdl.handle.net/11459/CCR_C-6837_8edd5107-ce2f-7f13-b8cd-1bd9750509b2,http://www.wikidata.org/entity/Q122625839
http://hdl.handle.net/11459/CCR_C-6840_a84a227f-ae63-05df-53f3-1a217cab2356,http://www.wikidata.org/entity/Q3217303
http://hdl.handle.net/11459/CCR_C-6846_d6adb99c-15ac-fac7-7911-f64c48298ce3,http://www.wikidata.org/entity/Q83966861
http://hdl.handle.net/11459/CCR_C-6850_88e029a4-bc0a-8476-e3a4-e8db1e2acc64,http://www.wikidata.org/entity/Q83960473
http://hdl.handle.net/11459/CCR_C-6858_c915ee3f-0ade-5151-e205-b599db63f4a7,http://www.wikidata.org/entity/Q33123524
http://hdl.handle.net/11459/CCR_C-6859_70984c62-a5a9-9924-5e9f-e75f98fbcb6c,http://www.wikidata.org/entity/Q3074945
http://hdl.handle.net/11459/CCR_C-6860_0fe64412-7e48-2e63-2a83-69ad9d0d1934,http://www.wikidata.org/entity/Q309
http://hdl.handle.net/11459/CCR_C-6861_2a640049-a53e-8572-0731-332986706b7e,http://www.wikidata.org/entity/Q3885844
http://hdl.handle.net/11459/CCR_C-6867_f15d24c6-6506-6aa0-7731-ef01e46cad50,http://www.wikidata.org/entity/Q1773840
http://hdl.handle.net/11459/CCR_C-6868_fad49b3a-bd39-5f89-c8ee-7a5f5c2bc1d9,http://www.wikidata.org/entity/Q3604747
http://hdl.handle.net/11459/CCR_C-6870_fc269e49-64fb-0d4c-1255-ad588cc39a57,http://www.wikidata.org/entity/Q194431
